id,affinity
2r58,2.0
3c2f,2.0
3g2y,2.0
3pce,2.0
4qsu,2.0
4qsv,2.0
4u54,2.06
3ao4,2.07
4cs9,2.1
2w8w,2.12
3gv9,2.12
6r9u,2.12
6abx,2.14
4q90,2.15
5cs3,2.15
4tim,2.16
5fe6,2.16
6ghj,2.16
3gqz,2.17
4y3j,2.17
5oxk,2.17
5z5f,2.17
4ahr,2.19
4ahs,2.19
4mre,2.19
1x8d,2.21
4g0z,2.21
1m0n,2.22
2aac,2.22
4aci,2.22
4ury,2.22
1ajp,2.23
3ao5,2.23
3i3b,2.23
5m9w,2.24
1ew8,2.26
4np2,2.26
1uto,2.27
4ahu,2.27
1ps3,2.28
3ip8,2.28
4ddk,2.29
3dyo,2.3
3kgq,2.3
3mhw,2.3
3pcg,2.3
3rv4,2.3
4g0y,2.3
4jsz,2.3
1m0o,2.31
4y0a,2.31
5mz8,2.31
5aol,2.32
4iie,2.34
3gtc,2.35
4y3y,2.35
3g2z,2.36
5fsc,2.36
3t0d,2.37
6rnt,2.37
3f6e,2.38
6md8,2.38
1f73,2.39
1nwl,2.39
4u5s,2.41
4u5o,2.42
6mli,2.43
1oba,2.44
3mjl,2.44
4ddm,2.46
4x8u,2.46
1utl,2.47
4y4j,2.47
6fhq,2.47
1gyx,2.48
4u5n,2.48
5mn1,2.48
4efk,2.49
4kz7,2.49
1ai4,2.5
3g30,2.51
3gr2,2.52
3mfv,2.52
3vdb,2.52
4g0q,2.52
4urz,2.52
4hj2,2.53
3b3s,2.55
3ovn,2.55
1gwv,2.57
3kgp,2.57
3gvb,2.59
4o3c,2.59
2r5a,2.6
4up5,2.6
5g46,2.6
3f37,2.62
5lvd,2.62
1ajn,2.63
4i8x,2.64
4q7w,2.64
4q8y,2.64
4ufl,2.64
6fhu,2.64
5ey0,2.65
3a1e,2.66
3lvw,2.67
4b3c,2.68
4b3d,2.68
3elc,2.69
2fzc,2.7
2uyn,2.7
3bra,2.7
6nmb,2.7
1pfu,2.72
2rkd,2.72
5fsx,2.72
2qwb,2.74
2vyt,2.74
4m6u,2.74
4ndu,2.74
5os2,2.74
1rql,2.75
4bt5,2.76
5er4,2.76
2bet,2.77
3fcq,2.77
4kz3,2.77
4ykk,2.77
6g24,2.77
5os4,2.78
2bza,2.8
5fbi,2.8
5fov,2.8
3djx,2.81
4rrg,2.81
3lka,2.82
3ppr,2.82
4dsu,2.82
4k7i,2.82
6mj7,2.82
3zt2,2.84
3udh,2.85
5th4,2.85
3zt3,2.86
1cet,2.89
1iih,2.89
3g31,2.89
4b35,2.89
4gqq,2.89
4llx,2.89
5flt,2.89
5ngz,2.89
5orv,2.89
6b7b,2.89
3c2u,2.9
1h2k,2.92
2fw6,2.92
3alt,2.92
3k8c,2.92
4ai5,2.92
4ef6,2.92
4lm3,2.92
4y2q,2.92
5ct2,2.92
6fv4,2.92
1tng,2.93
4zv2,2.93
2vmc,2.94
1f4e,2.96
2w8j,2.96
3g34,2.96
3imc,2.96
4dst,2.96
4mrg,2.96
4owm,2.96
5fng,2.96
6r9x,2.96
4ceb,2.97
5flq,2.97
3ckb,2.98
3djq,2.98
4ibc,2.98
5aba,2.98
4bps,2.99
1ecq,3.0
1ws4,3.0
2q8h,3.0
2rka,3.0
2v3u,3.0
3ime,3.0
4b2i,3.0
4k0o,3.0
4l51,3.0
4llk,3.0
4r3w,3.0
4u0w,3.0
5ehw,3.0
6ftz,3.0
6quv,3.0
1utm,3.01
4g0p,3.01
2vmd,3.02
4q81,3.02
1ogd,3.03
2ha3,3.03
4lm2,3.03
4qp2,3.03
5aoi,3.03
1rtf,3.04
3t08,3.04
3t1m,3.04
4i7k,3.04
4lm4,3.04
5fls,3.04
1f74,3.05
1uj5,3.05
4g5f,3.05
6ncn,3.05
1rnm,3.07
3mof,3.07
6fh3,3.07
1y1z,3.08
5ehv,3.08
1ec9,3.1
2xdl,3.1
3buf,3.1
3f78,3.1
4cjr,3.1
4kz6,3.1
5eh8,3.1
5orw,3.1
3c2r,3.11
4bt3,3.12
4cgi,3.12
5ey4,3.12
1ax0,3.13
5c5t,3.13
6d1k,3.13
2ya7,3.14
4b34,3.14
6g27,3.14
1e6q,3.15
4de5,3.15
4fzj,3.15
5flo,3.15
5fnf,3.15
6a87,3.15
2ymd,3.16
3f34,3.16
5fot,3.17
5fox,3.17
5ose,3.17
1lbk,3.18
3bug,3.18
3g1v,3.19
4gzx,3.19
6dyn,3.19
6ssy,3.19
5cs6,3.2
5ijr,3.2
1s5z,3.21
1br6,3.22
1e6s,3.22
1ew9,3.22
1k1y,3.22
1zc9,3.22
2ri9,3.22
2uy3,3.22
4n5d,3.22
1px4,3.23
3zsy,3.23
4lm1,3.23
4unp,3.23
5qay,3.23
3qfz,3.24
4b2l,3.24
4qlk,3.24
1v2j,3.25
3ta1,3.25
4lm0,3.25
5yas,3.26
3ioe,3.27
1bcu,3.28
3d52,3.28
3tfu,3.28
3zsx,3.28
4fl1,3.28
5duw,3.29
6ibk,3.29
1d7j,3.3
1phw,3.3
1tpw,3.3
2vw2,3.3
3aaq,3.3
3hcm,3.3
4ddh,3.3
4jss,3.3
4mrw,3.3
4msa,3.3
4np3,3.3
5g45,3.3
1i2s,3.31
1pzp,3.31
5fe7,3.31
2wk6,3.32
4cjp,3.32
4i7j,3.32
6efj,3.32
6pg3,3.32
6phx,3.32
188l,3.33
1jlr,3.33
4ab9,3.33
4b0b,3.33
4b5t,3.33
4b5w,3.33
3f33,3.34
4b32,3.34
4bt4,3.34
4cp5,3.34
3c2o,3.35
3pwk,3.35
4lkq,3.35
4cj4,3.36
187l,3.37
1tnh,3.37
1v2u,3.37
3d8z,3.37
3n35,3.37
4b33,3.37
6mnv,3.37
2fzg,3.38
3tay,3.38
3w07,3.38
4qll,3.38
4ipn,3.39
4lhm,3.39
5lsh,3.39
5os5,3.39
1bxr,3.4
1f8d,3.4
1ikt,3.4
1l83,3.4
1m83,3.4
1uz4,3.4
3jzh,3.4
4abe,3.4
2v2c,3.41
2qtn,3.42
2sim,3.42
2w08,3.42
3iob,3.42
4llj,3.42
4n8q,3.42
2xog,3.43
3axz,3.43
5osl,3.43
4umc,3.44
6exs,3.44
3nik,3.45
1moq,3.46
3muz,3.46
4k5p,3.46
4tz2,3.46
5qal,3.46
6hgr,3.46
6q4e,3.46
3ta0,3.47
4epy,3.47
4h42,3.47
5ma7,3.47
6pvz,3.47
2p3i,3.48
3g1d,3.48
3gx0,3.48
3nyd,3.48
4k7n,3.48
5eh7,3.48
5xg5,3.48
1c5o,3.49
1utn,3.49
4avs,3.49
4b5s,3.49
5fnd,3.49
6d9x,3.49
6poi,3.49
4i7p,3.5
2r0h,3.51
5cp9,3.51
5h1u,3.51
5mby,3.51
1jys,3.52
2j27,3.52
2vw1,3.52
3mfw,3.52
4mrz,3.52
5mod,3.52
6g25,3.52
185l,3.54
1v2r,3.55
2cle,3.55
2qwc,3.55
4aji,3.55
5btx,3.55
5fpk,3.55
1h46,3.57
1np0,3.57
3ff3,3.57
4abg,3.57
4ck3,3.57
4ibb,3.57
4q8x,3.57
5a7b,3.57
3dx1,3.58
6gjm,3.58
1nli,3.59
2gsu,3.59
4cjq,3.59
4q7v,3.59
5mxf,3.59
6dpz,3.59
6p8a,3.59
6pg4,3.59
1d7i,3.6
2fzk,3.6
2qpu,3.6
2xdk,3.6
3b3x,3.6
3g0i,3.6
3jdw,3.6
4b3b,3.6
4c1y,3.6
5dqf,3.6
5lvr,3.6
3jzj,3.61
3sk2,3.61
5lud,3.61
5oqu,3.61
1pb9,3.62
4bkt,3.62
4rrf,3.62
6mll,3.62
6pge,3.62
5dqe,3.63
5ork,3.63
1gyy,3.64
2azr,3.64
2rk8,3.64
4iuo,3.64
4agl,3.65
5yum,3.65
2v00,3.66
3buh,3.66
3oy8,3.66
3pcn,3.66
3t2q,3.66
4aia,3.66
4fl2,3.66
5m17,3.66
5nzn,3.66
6cq1,3.66
6dyr,3.66
4cig,3.67
4ibd,3.67
5fog,3.67
5fol,3.67
1c3x,3.68
2x6x,3.68
3ioc,3.68
3isj,3.68
4aje,3.68
4io7,3.68
4isu,3.68
6cfc,3.68
2a8g,3.69
4ovg,3.69
4tte,3.69
5dkn,3.69
5os7,3.69
6gg4,3.69
1loq,3.7
1pdz,3.7
1wht,3.7
2bvr,3.7
2fx6,3.7
3l59,3.7
3n7a,3.7
5j41,3.7
6gjj,3.7
6mlp,3.7
6pg6,3.7
2vfk,3.71
3fj7,3.71
3g32,3.71
1ai5,3.72
1grp,3.72
2am4,3.72
2r23,3.72
3f5l,3.72
3q6z,3.72
4tln,3.72
4ufm,3.72
6d1h,3.72
3fjg,3.73
4fz3,3.73
6iou,3.73
1f5k,3.74
2wq5,3.74
4yk0,3.74
6gjr,3.74
3d6p,3.75
2x09,3.76
4tu4,3.76
4w52,3.76
1kui,3.77
2v2h,3.77
3ao2,3.77
4q46,3.77
5qa8,3.77
6euc,3.77
6fuh,3.77
6hgs,3.77
3nq3,3.78
2clk,3.79
1kug,3.8
1li6,3.8
1nje,3.8
2hb1,3.8
3t09,3.8
4ajl,3.8
5h1t,3.8
5uf0,3.8
6g2b,3.8
2hu6,3.81
3ai8,3.81
1hn4,3.82
4aba,3.82
4bks,3.82
4keq,3.82
4mmm,3.82
6e1z,3.82
1j16,3.84
1utj,3.84
3lzz,3.84
5mnn,3.84
2wzs,3.85
2yb0,3.85
3mv0,3.85
4kiu,3.85
5btv,3.85
6pg8,3.85
3spf,3.86
4i9u,3.86
5g4m,3.86
5ldm,3.86
5oh9,3.86
6gjl,3.86
1aj7,3.87
1v16,3.87
3w5n,3.87
3wjw,3.87
4nbk,3.87
5oh3,3.87
6gji,3.87
3si4,3.88
4mjp,3.88
5eqe,3.88
1m0q,3.89
2ctc,3.89
3iae,3.89
4aj4,3.89
4nl1,3.89
4ufk,3.89
1avn,3.9
2gvv,3.9
2qw1,3.9
2rkm,3.9
2vhj,3.9
2vuk,3.9
2wor,3.9
2wos,3.9
4n9c,3.9
4qgi,3.9
6c85,3.9
1kuk,3.91
6d1b,3.91
1pr5,3.92
3ap4,3.92
3twp,3.92
6g9x,3.92
6hzy,3.92
1h5v,3.93
2a5b,3.93
2cbz,3.93
6g9i,3.93
1v1m,3.94
2v3d,3.94
4bi6,3.95
5fou,3.95
5m5d,3.95
6cbg,3.95
6jaq,3.95
1mrs,3.96
2fpz,3.96
2wec,3.96
3c39,3.96
3gt9,3.96
4gqr,3.96
4agn,3.97
4ibg,3.97
1v11,3.98
3b3c,3.98
4agm,3.98
5os8,3.98
5yj8,3.98
6rih,3.98
1rpf,3.99
4i7l,3.99
1e5j,4.0
1lgw,4.0
1tni,4.0
1wc1,4.0
2buv,4.0
2ot1,4.0
2qrl,4.0
2rin,4.0
2whp,4.0
3a1c,4.0
3ijh,4.0
3vd9,4.0
4p6c,4.0
4umb,4.0
5g4n,4.0
5h1v,4.0
5mgk,4.0
5wcm,4.0
1v2w,4.01
3fzn,4.01
2wvz,4.02
3po1,4.02
5vsj,4.02
2q8m,4.03
2x96,4.03
3bxh,4.03
3nq9,4.03
4msn,4.03
5e2l,4.03
5nzf,4.03
6cze,4.03
6hni,4.03
1hi5,4.04
1li2,4.04
6i0z,4.04
6qlt,4.04
2w66,4.05
3n8k,4.05
3qx9,4.05
5gof,4.05
2clh,4.06
3m3c,4.06
5mge,4.06
5om2,4.06
8a3h,4.06
1hyo,4.07
2v2v,4.07
4xmr,4.07
5mpz,4.07
5ot9,4.07
6dai,4.07
6i18,4.07
2rke,4.08
2z1w,4.08
3kwa,4.08
1ai7,4.09
1o0n,4.09
2v88,4.09
4b9z,4.09
4fxp,4.09
5var,4.09
6d1i,4.09
1c5t,4.1
1odj,4.1
2bvs,4.1
3gk1,4.1
3iod,4.1
4cr9,4.1
5cc2,4.1
5kat,4.1
5om3,4.1
5t7s,4.1
6dpy,4.1
6ios,4.1
1p19,4.11
2exm,4.11
3d6o,4.11
3oyw,4.11
3v4t,4.11
4ih5,4.11
5dnu,4.11
5e6o,4.11
5fnc,4.11
3a1d,4.12
3ivc,4.12
3mam,4.12
4de2,4.12
4kxb,4.12
4qfn,4.12
4whs,4.12
4zow,4.12
6cvv,4.12
3ozt,4.13
3qto,4.13
4ovf,4.13
4yc0,4.13
4i7m,4.14
4ibi,4.14
5dq8,4.14
5lvq,4.14
1m2x,4.15
1q91,4.15
2v2q,4.15
2vt3,4.15
2xg9,4.15
3a9i,4.15
3d51,4.15
3sur,4.15
3sus,4.15
4abh,4.15
4cr5,4.15
4ibe,4.15
4kz4,4.15
5aan,4.15
3si3,4.16
4jkw,4.16
5fyx,4.16
5ito,4.16
1v2s,4.17
3qfd,4.17
4oma,4.17
5bw4,4.17
5ldp,4.17
3q2j,4.18
5vgy,4.18
6dy7,4.18
1hi3,4.19
3b3w,4.19
3cft,4.19
3sv2,4.19
4n9a,4.19
4nra,4.19
4q83,4.19
1c5y,4.2
1c87,4.2
1ghw,4.2
3djp,4.2
3qx5,4.2
5fcz,4.2
5ot8,4.2
1odi,4.21
1qk4,4.21
4bqs,4.21
4u6w,4.21
5n99,4.21
5ti0,4.21
5wbo,4.21
1kv5,4.22
1pzi,4.22
1t5f,4.22
1ua4,4.22
3f80,4.22
3kyq,4.22
4gny,4.22
4mo4,4.22
4oak,4.22
5kh3,4.22
2jke,4.23
2jkp,4.23
3zqe,4.23
4qfp,4.23
5fnr,4.23
2bes,4.24
3h78,4.24
5csp,4.24
5e13,4.24
5f8y,4.24
5oh2,4.24
5u0w,4.24
5uff,4.24
5ut6,4.24
1li3,4.25
5b2d,4.25
5ei3,4.25
5km9,4.25
6d1j,4.25
6dys,4.25
6mdu,4.25
2qrk,4.26
3qwc,4.26
4r0a,4.26
4u69,4.26
5f9b,4.26
6gnm,4.26
1m5w,4.27
4qfo,4.27
5mgf,4.27
6hh5,4.27
2vzr,4.28
3f5j,4.28
3gta,4.28
3jrs,4.28
4ufj,4.28
5f2r,4.28
5l4j,4.28
1e2l,4.29
1v2l,4.29
2wuf,4.29
4i3z,4.29
5mgj,4.29
1a30,4.3
1amk,4.3
1det,4.3
1w3k,4.3
2cli,4.3
3ivg,4.3
3t0b,4.3
3upk,4.3
4eoh,4.3
4ibk,4.3
4k7o,4.3
4o61,4.3
4zme,4.3
5ewy,4.3
5jgi,4.3
6fuj,4.3
6q4g,4.3
1ajq,4.31
2tpi,4.31
4kow,4.31
6ajr,4.31
6f20,4.31
6ior,4.31
2ha6,4.32
2qtt,4.32
4q7p,4.32
4rsk,4.32
4u43,4.32
4ucc,4.32
5m28,4.32
6jad,4.32
1olx,4.33
4ibj,4.33
4zcs,4.33
6czb,4.33
6exj,4.33
6g29,4.33
1e3v,4.34
1z6s,4.34
5n3v,4.34
6ajz,4.34
1ghv,4.35
1sv3,4.35
1yfz,4.35
4owv,4.35
5ka7,4.35
6d1a,4.35
6r1a,4.35
1dy4,4.36
2ez7,4.36
4nbn,4.36
1td7,4.37
4gu9,4.37
5oh7,4.37
6qi4,4.37
1bhf,4.38
3b24,4.38
3u9q,4.38
6hgj,4.38
6mla,4.38
6o5u,4.38
2avq,4.39
2hjb,4.39
3djo,4.39
4zt8,4.39
5orh,4.39
5zni,4.39
1p57,4.4
2pwd,4.4
3wgg,4.4
4abd,4.4
4dy6,4.4
4omk,4.4
4pp0,4.4
5uv2,4.4
1no6,4.41
1olu,4.41
2csn,4.41
3rsx,4.41
3uxd,4.41
4exs,4.41
4ou3,4.41
5e74,4.41
5ka9,4.41
1tjp,4.42
3dri,4.42
4cc5,4.42
4ek9,4.42
4q7s,4.42
6h8s,4.42
2pu2,4.43
2we3,4.43
2wyf,4.43
3kqr,4.43
4axd,4.43
4dsy,4.43
4ibf,4.43
4jpy,4.43
4kcx,4.43
4qf9,4.43
4ykj,4.43
4zw5,4.43
5f2p,4.43
5g4o,4.43
5h5f,4.43
5kad,4.43
2amt,4.44
3u81,4.44
5azf,4.44
5d6j,4.44
6np4,4.44
6ppy,4.44
2wbg,4.45
6q3q,4.45
4gki,4.46
4i8n,4.46
5c3p,4.46
5dpx,4.46
5jox,4.46
6fui,4.46
2r2w,4.47
3hl5,4.47
4cu8,4.47
6d1d,4.47
6d1g,4.47
6f05,4.47
1jaq,4.48
1qan,4.48
2ogy,4.48
3p17,4.48
3t01,4.48
4dhl,4.48
4oks,4.48
5ka1,4.48
5ovv,4.48
5tya,4.48
6d15,4.48
1hi4,4.49
1j14,4.49
1o7o,4.49
3hl8,4.49
3kmy,4.49
4cwf,4.49
5isz,4.49
5t19,4.49
6b7a,4.49
3sw8,4.5
5ovx,4.5
5yl2,4.5
6jag,4.5
1gi7,4.51
2r1y,4.51
3aas,4.51
3uug,4.51
4abb,4.51
4g90,4.51
6nu1,4.51
6qlq,4.51
1ctt,4.52
1mrn,4.52
1z4o,4.52
2a4m,4.52
2ra6,4.52
2wm0,4.52
3bzf,4.52
3gy7,4.52
3r6u,4.52
4gzw,4.52
4trc,4.52
5o1f,4.52
5vh0,4.52
6nco,4.52
6p88,4.52
3h30,4.53
6i11,4.53
1amw,4.54
1b2h,4.54
1lyx,4.54
1szd,4.54
2zz1,4.54
2zz2,4.54
3iub,4.54
4b76,4.54
5etb,4.54
5u0d,4.54
6p5o,4.54
6pga,4.54
6pid,4.54
3b2q,4.55
3djv,4.55
3p8p,4.55
3ppq,4.55
3rr4,4.55
3suv,4.55
4myd,4.55
5c2o,4.55
5oh4,4.55
5oss,4.55
6edr,4.55
6gnp,4.55
4x3k,4.56
5ost,4.56
4fp1,4.57
4or4,4.57
4yrd,4.57
5ko5,4.57
5ovr,4.57
6np5,4.57
4bi7,4.58
5j7q,4.58
5u0g,4.58
1bma,4.59
2ihj,4.59
2jiw,4.59
3hp9,4.59
3ujc,4.59
4c6u,4.59
4g8y,4.59
5k9w,4.59
6fnq,4.59
1pa9,4.6
1tx7,4.6
1u33,4.6
1upf,4.6
2pyy,4.6
2v54,4.6
2vb8,4.6
2vba,4.6
2wlz,4.6
2x0y,4.6
3d7k,4.6
3vhk,4.6
4bc5,4.6
4jal,4.6
4p58,4.6
6n5x,4.6
6p87,4.6
6pgb,4.6
6qe0,4.6
2bo4,4.61
3lgs,4.61
4io4,4.61
4ocq,4.61
5ulp,4.61
6eq1,4.61
1f4f,4.62
2a5c,4.62
2f6t,4.62
2xm2,4.62
3f5k,4.62
3tk2,4.62
3u90,4.62
3umq,4.62
4abf,4.62
4ad3,4.62
4ynl,4.62
5jgq,4.62
6f1j,4.62
3uj9,4.63
4hzm,4.63
5ji8,4.63
5n34,4.63
4psb,4.64
5e73,4.64
5jhk,4.64
6qlu,4.64
3qtv,4.65
4q93,4.65
4w9c,4.65
6b98,4.65
1bzj,4.66
1h4w,4.66
1m1b,4.66
2ca8,4.66
2ha2,4.66
3ddf,4.66
3mss,4.66
4tt2,4.66
5j1r,4.66
5o1d,4.66
6ezq,4.66
6g2c,4.66
6ooy,4.66
6pg7,4.66
6qln,4.66
3vw1,4.67
4gkh,4.67
4nku,4.67
5jsq,4.67
1c5p,4.68
1wn6,4.68
2nsl,4.68
2uy4,4.68
2ypo,4.68
3g35,4.68
4lar,4.68
4ymg,4.68
5a5q,4.68
5aoj,4.68
5eq1,4.68
5fe9,4.68
5k1d,4.68
5kab,4.68
6bm6,4.68
6ift,4.68
2rio,4.69
3ujd,4.69
4agp,4.69
4mgd,4.69
4tpw,4.69
6mg5,4.69
1c5n,4.7
1c86,4.7
2cex,4.7
2dw7,4.7
2fu8,4.7
2i2c,4.7
3kiv,4.7
3nkk,4.7
3suw,4.7
4j7d,4.7
4j93,4.7
4luz,4.7
4lzr,4.7
5h85,4.7
5wbm,4.7
6fba,4.7
6gj6,4.7
6jbe,4.7
6p86,4.7
6r13,4.7
1v2t,4.71
4ljh,4.71
4yb5,4.71
5his,4.71
5kma,4.71
5otc,4.71
6evn,4.71
6ueg,4.71
184l,4.72
1vso,4.72
3ebo,4.72
3f6g,4.72
4zw7,4.72
5hjq,4.72
6qqw,4.72
1v2o,4.73
4ayu,4.73
5gmn,4.73
1bty,4.74
1w4p,4.74
2e2p,4.74
4ih6,4.74
4jxs,4.74
4kyk,4.74
5k03,4.74
5ov8,4.74
6eq5,4.74
6szp,4.74
6t1j,4.74
3nim,4.75
3vw2,4.75
1q8t,4.76
3acw,4.76
3o5n,4.76
4wop,4.76
5lne,4.76
1str,4.77
2afw,4.77
2b4l,4.77
3d50,4.77
3iqu,4.77
3rm9,4.77
4kax,4.77
4uoh,4.77
5iyy,4.77
5mkr,4.77
5mks,4.77
5o5a,4.77
5orj,4.77
6fgg,4.77
6mkw,4.77
6t1l,4.77
4ad6,4.78
6czc,4.78
1oss,4.79
2nsj,4.79
3eb1,4.79
5k1f,4.79
1bju,4.8
1ghz,4.8
2nta,4.8
3bpc,4.8
3dnd,4.8
4aq6,4.8
4llp,4.8
4lzs,4.8
4pb2,4.8
5j3l,4.8
5jzi,4.8
6jap,4.8
4ago,4.81
6p84,4.81
1aid,4.82
1dud,4.82
1f8e,4.82
1v1j,4.82
1xff,4.82
1y3p,4.82
2gl0,4.82
2gzl,4.82
2pwg,4.82
2ypi,4.82
3kmx,4.82
3r88,4.82
3vd4,4.82
4ciw,4.82
4fys,4.82
4ih3,4.82
4io6,4.82
4kwf,4.82
4rlu,4.82
5ewa,4.82
6aox,4.82
6d17,4.82
6h2t,4.82
6qlr,4.82
5efa,4.83
3vvy,4.84
4kif,4.84
4uof,4.84
5d1r,4.84
6jfk,4.84
186l,4.85
1c83,4.85
1ecv,4.85
1n51,4.85
1qji,4.85
1xgi,4.85
2qwd,4.85
2r9x,4.85
2w4x,4.85
3cj2,4.85
3f70,4.85
3ohi,4.85
3ru1,4.85
3zyf,4.85
4hpi,4.85
4iic,4.85
4j7e,4.85
4ovh,4.85
4q87,4.85
5efc,4.85
5ewk,4.85
5jsg,4.85
5o1h,4.85
6gga,4.85
2brb,4.86
5yfs,4.86
6jao,4.86
4ipj,4.87
4q0k,4.87
4rlw,4.87
4rra,4.87
3exh,4.88
3lp4,4.88
3pju,4.88
5nwe,4.88
6jon,4.88
1p1q,4.89
2aoc,4.89
2j77,4.89
2vo5,4.89
3d4z,4.89
3juk,4.89
3m8u,4.89
4l9i,4.89
4pnu,4.89
5hbn,4.89
5ii2,4.89
5ipc,4.89
5j7w,4.89
5l3a,4.89
5o9o,4.89
5oha,4.89
5z7b,4.89
6i5g,4.89
6jdl,4.89
6qrc,4.89
3cf8,4.9
1km3,4.91
5l8a,4.91
6dgr,4.91
1bzc,4.92
1e1v,4.92
1jqy,4.92
2haw,4.92
3eax,4.92
3rv8,4.92
4j47,4.92
5d3t,4.92
5evk,4.92
5otr,4.92
6dq4,4.92
6j0o,4.92
6pg9,4.92
6qqv,4.92
6r11,4.92
6r18,4.92
3uxk,4.93
4ido,4.93
1e2k,4.94
2gss,4.94
2vo4,4.94
2vpe,4.94
4dmw,4.94
4ts1,4.94
6hmg,4.94
1jn4,4.95
2x95,4.95
4bup,4.95
5yz2,4.95
1dar,4.96
1elr,4.96
1o5g,4.96
1tsy,4.96
1uz8,4.96
2vjx,4.96
2w67,4.96
3bxg,4.96
3veh,4.96
3zsq,4.96
4jsa,4.96
4rlt,4.96
5ioz,4.96
6gjw,4.96
6pg5,4.96
6pia,4.96
6r0v,4.96
3qbc,4.97
4e3g,4.97
4in9,4.97
6arm,4.97
2w47,4.98
4re2,4.98
6jof,4.98
4w9d,4.99
5gj9,4.99
6gnw,4.99
6p85,4.99
1c84,5.0
1hlk,5.0
1nc3,5.0
1o35,5.0
1ql7,5.0
2oiq,5.0
2oym,5.0
2vxn,5.0
3cfn,5.0
3gbe,5.0
3k02,5.0
3p9m,5.0
4czs,5.0
4u6c,5.0
4xoe,5.0
4xxh,5.0
5evb,5.0
5evd,5.0
5itp,5.0
5x54,5.0
5yft,5.0
1ppi,5.01
2glp,5.01
4agq,5.01
5oa2,5.01
6g2e,5.01
6p89,5.01
2d0k,5.02
2xbp,5.02
3bgc,5.02
3usx,5.02
4u70,5.02
4w9l,5.02
6hgf,5.02
1i1e,5.03
4io5,5.03
4np9,5.03
5mrm,5.03
5n3y,5.03
1mfa,5.04
3tz0,5.04
4jym,5.04
4lk7,5.04
5d3n,5.04
5f25,5.04
5lyn,5.04
5ovp,5.04
6ajv,5.04
6j7e,5.04
1dgm,5.05
1fkw,5.05
1qxk,5.05
3aau,5.05
3s76,5.05
4euo,5.05
4oct,5.05
4rqv,5.05
4yzu,5.05
5i3a,5.05
6d50,5.05
6exi,5.05
6kjd,5.05
6mlg,5.05
2v77,5.06
2yge,5.06
3f68,5.06
4h7q,5.06
5a2i,5.06
5c1w,5.06
6qlo,5.06
2c3l,5.07
2xm1,5.07
2yfa,5.07
3juo,5.07
5hwv,5.07
5u12,5.07
6j9y,5.07
6jtc,5.07
6n0k,5.07
6qr1,5.07
6r4k,5.07
1enu,5.08
1gfy,5.08
2qtg,5.08
3tb6,5.08
4oiv,5.08
5n2t,5.08
6d16,5.08
1m48,5.09
1nw7,5.09
2ygf,5.09
5fhm,5.09
5o9p,5.09
6n3x,5.09
1ez9,5.1
1kmy,5.1
1od8,5.1
1onz,5.1
1v0k,5.1
1w7g,5.1
2r9w,5.1
3gy4,5.1
3p4v,5.1
4dcs,5.1
5d3h,5.1
6ce6,5.1
6md6,5.1
6s56,5.1
6s57,5.1
1k4h,5.11
1yp9,5.11
3k4d,5.11
3ozj,5.11
4qfl,5.11
5kej,5.11
5u0e,5.11
6jdi,5.11
1qaw,5.12
1uv6,5.12
2web,5.12
3zso,5.12
4f1l,5.12
4h81,5.12
5f74,5.12
6i13,5.12
6n95,5.12
6qe5,5.12
3s9e,5.13
5d3p,5.13
6f9u,5.13
6j9w,5.13
6st0,5.13
1y3x,5.14
2br1,5.14
2yaz,5.14
3tao,5.14
4ejl,5.14
5kva,5.14
6dak,5.14
1jcx,5.15
1jvu,5.15
1o0m,5.15
1pb8,5.15
1qk3,5.15
1s38,5.15
1thz,5.15
2afx,5.15
3ozr,5.15
4h85,5.15
4jpx,5.15
4qrh,5.15
6aro,5.15
6nu5,5.15
3b27,5.16
5ufc,5.16
6mjf,5.16
6om8,5.16
2zfp,5.17
3b7j,5.17
4gkm,5.17
5ahw,5.17
5aut,5.17
5ohy,5.17
6cbf,5.17
6g2f,5.17
6qqq,5.17
1ft7,5.18
3w37,5.18
4duh,5.18
4iif,5.18
4u73,5.18
1ocq,5.19
1ogg,5.19
1oxr,5.19
1rnt,5.19
2qdt,5.19
4ezz,5.19
5otz,5.19
6arn,5.19
3ov1,5.2
3uu1,5.2
4a6s,5.2
4ezr,5.2
1nw5,5.21
1o2r,5.21
4cwo,5.21
4few,5.21
4je8,5.21
4m0r,5.21
5o9q,5.21
5ty9,5.21
5zyg,5.21
6iht,5.21
6t1m,5.21
1bq4,5.22
1j17,5.22
1o5c,5.22
1ucn,5.22
1w4o,5.22
1zea,5.22
2gz2,5.22
2hxm,5.22
2wzm,5.22
2zxd,5.22
3dne,5.22
3iof,5.22
3lq2,5.22
3ms9,5.22
3n1c,5.22
3ppp,5.22
3q71,5.22
3qxt,5.22
4lrr,5.22
4u71,5.22
5ev8,5.22
5ja0,5.22
1b4z,5.23
1ndw,5.23
2q38,5.23
6bhv,5.23
6jam,5.23
6pu3,5.23
1fh7,5.24
1q8w,5.24
1s89,5.24
2jfz,5.24
3pb8,5.24
3ueu,5.24
4gue,5.24
4idn,5.24
4ih7,5.24
4non,5.24
4y59,5.24
4zv1,5.24
5d24,5.24
5d3j,5.24
5edd,5.24
5w1e,5.24
6gxg,5.24
2bfr,5.25
3r24,5.25
5b5f,5.25
5b5g,5.25
5twj,5.25
1w4q,5.26
3n9s,5.26
4omj,5.26
5gs9,5.26
6t1i,5.26
2x7u,5.27
3tkw,5.27
4jfs,5.27
5hwu,5.27
5irr,5.27
5ltn,5.27
1b46,5.28
1f5l,5.28
3bbf,5.28
3o5x,5.28
4e70,5.28
4j46,5.28
5ect,5.28
5g5f,5.28
5xpi,5.28
6ajy,5.28
6qlp,5.28
1c88,5.29
2wc4,5.29
5hrv,5.29
5hrx,5.29
1a69,5.3
1h6h,5.3
1o0f,5.3
1srg,5.3
2q7q,5.3
2vk6,5.3
3p9l,5.3
3pgl,5.3
3upv,5.3
5eyr,5.3
6d2o,5.3
6eeb,5.3
6ml9,5.3
6qqu,5.3
6r1w,5.3
1hk4,5.31
1mfd,5.31
4or6,5.31
4u1b,5.31
5eij,5.31
5n2z,5.31
1lvu,5.32
1y20,5.32
4ipi,5.32
4us3,5.32
5g1z,5.32
5n17,5.32
6g0z,5.32
6h1u,5.32
2c80,5.33
3arx,5.33
3ozs,5.33
3q1x,5.33
6u6w,5.33
1hee,5.34
1zgi,5.34
3hkq,5.34
3k4q,5.34
3nee,5.34
5l4m,5.34
5o9y,5.34
5u14,5.34
5wp5,5.34
1ql9,5.35
2fxv,5.35
2gkl,5.35
3hkn,5.35
5u11,5.35
6ep4,5.35
6of5,5.35
6pgc,5.35
6qls,5.35
1adl,5.36
3bv9,5.36
3ldq,5.36
3mf5,5.36
1gpk,5.37
1sgu,5.37
3qt6,5.37
6eyb,5.37
6n0j,5.37
1g3e,5.38
3tif,5.38
4f7v,5.38
5mek,5.38
6olx,5.38
1qbv,5.39
2h6b,5.39
3hkt,5.39
3m1k,5.39
4cl6,5.39
4ej8,5.39
5chk,5.39
5o9r,5.39
6ggb,5.39
6ggf,5.39
6ma2,5.39
1bp0,5.4
1f8b,5.4
1m7i,5.4
1mmr,5.4
1pz5,5.4
1r9l,5.4
1trd,5.4
2c1p,5.4
2f35,5.4
2i80,5.4
2jdm,5.4
2qg2,5.4
3b4p,5.4
4c5d,5.4
4ij1,5.4
4m3p,5.4
4ozj,5.4
4pin,5.4
5ep7,5.4
5eqp,5.4
5fns,5.4
5jsj,5.4
5l9o,5.4
5lsg,5.4
5mqe,5.4
5tef,5.4
6ny0,5.4
6r1d,5.4
2j47,5.41
4tun,5.41
4u6z,5.41
4uma,5.41
5cbs,5.41
5u13,5.41
6mm2,5.41
2vpo,5.42
4fev,5.42
4nxv,5.42
6hgg,5.42
3ng4,5.43
4f5y,5.43
4pox,5.43
1h0a,5.44
1syi,5.44
2q6f,5.44
2wr8,5.44
3lp7,5.44
3u10,5.44
4dju,5.44
5ave,5.44
5e3a,5.44
5tp0,5.44
6gnr,5.44
6n3y,5.44
6r1b,5.44
2iko,5.45
3mi3,5.45
1b4h,5.46
1q65,5.46
5mnr,5.46
5nka,5.46
5txy,5.46
6dzx,5.46
6ekq,5.46
6gdy,5.46
6nxz,5.46
6t1n,5.46
1g7f,5.47
1gi1,5.47
1xh5,5.47
2r0z,5.47
2xde,5.47
4n6g,5.47
4n7m,5.47
4qb3,5.47
5nn5,5.47
5u0f,5.47
6c7w,5.47
1g85,5.48
2cbv,5.48
2zkj,5.48
3bxe,5.48
3iw6,5.48
3zdv,5.48
4jfm,5.48
4kp8,5.48
4pf5,5.48
4uc5,5.48
5aqz,5.48
5hrw,5.48
6dd0,5.48
1pot,5.49
1pyn,5.49
2h4k,5.49
2o0u,5.49
2uy5,5.49
3bvb,5.49
3ga5,5.49
3hmp,5.49
3i73,5.49
4w9f,5.49
5avf,5.49
6g14,5.49
6qr2,5.49
3tza,5.5
3da9,5.51
3kgt,5.51
4k55,5.51
4qxo,5.51
4zba,5.51
4zgk,5.51
5cks,5.51
5oa6,5.51
6dgq,5.51
6gfz,5.51
1kc7,5.52
1oe8,5.52
1ydr,5.52
2cht,5.52
2ydt,5.52
3hzm,5.52
3iog,5.52
4en4,5.52
5f08,5.52
5j1x,5.52
5mrp,5.52
5nn6,5.52
6dgl,5.52
5dus,5.53
1bjv,5.54
2olb,5.54
2y7i,5.54
3bxf,5.54
3jyr,5.54
3ubd,5.54
3v78,5.54
4nxu,5.54
4qij,5.54
4r4c,5.54
5a81,5.54
1g3d,5.55
1njc,5.55
1y3n,5.55
2iuz,5.55
3uzj,5.55
4pqa,5.55
5gja,5.55
5vd3,5.55
6bs4,5.55
6ouv,5.55
4o3f,5.56
6mxc,5.56
1jak,5.57
1njd,5.57
2nmx,5.57
3bex,5.57
3coz,5.57
3uxl,5.57
3vtr,5.57
6i12,5.57
3jup,5.58
3su5,5.58
1f4x,5.59
1fo0,5.59
1mfi,5.59
3sha,5.59
4bqh,5.59
4cwn,5.59
4tkb,5.59
5afv,5.59
5n9r,5.59
5t9w,5.59
6fnr,5.59
6t1o,5.59
1vfn,5.6
2wca,5.6
2yhw,5.6
3bl1,5.6
3e6y,5.6
3qps,5.6
4zzy,5.6
6h1d,5.6
3u5j,5.61
6n3v,5.61
1ejn,5.62
2bmk,5.62
3e3c,5.62
3ip9,5.62
3ldp,5.62
3lpl,5.62
3nes,5.62
4dzy,5.62
4iid,5.62
4j48,5.62
5wgp,5.62
6h29,5.62
6j3o,5.62
3gy3,5.63
3rf5,5.63
5d0c,5.63
5jq5,5.63
1f57,5.64
1y3v,5.64
1z9g,5.64
2ojg,5.64
2reg,5.64
3fwv,5.64
3n86,5.64
3s8l,5.64
4deu,5.64
6ets,5.64
6j0g,5.64
3q7q,5.65
1n5r,5.66
1nhu,5.66
2aod,5.66
2erz,5.66
2x97,5.66
3ery,5.66
3td4,5.66
3zi8,5.66
4zek,5.66
5c28,5.66
5g5z,5.66
6cjv,5.66
6jaw,5.66
6pi6,5.66
2h15,5.67
2pqz,5.67
2qwf,5.67
4ncn,5.67
5ouh,5.67
6f28,5.67
6gon,5.67
1gnn,5.68
2c92,5.68
2cbu,5.68
2q8z,5.68
2uyq,5.68
3oil,5.68
4c52,5.68
4det,5.68
4l4z,5.68
4q9y,5.68
5n18,5.68
5o2d,5.68
6qge,5.68
6bdy,5.69
1a99,5.7
1egh,5.7
1g98,5.7
1jsv,5.7
1n1m,5.7
1pgp,5.7
2a14,5.7
2avm,5.7
2f2h,5.7
2h3e,5.7
2i4z,5.7
2ya6,5.7
3acx,5.7
3c4h,5.7
3d4y,5.7
3fhb,5.7
3kku,5.7
4bs0,5.7
4f39,5.7
4j28,5.7
4l2l,5.7
4pzv,5.7
5dlx,5.7
5lz4,5.7
5mro,5.7
6f9g,5.7
6hd6,5.7
6jay,5.7
6n8x,5.7
6o5g,5.7
2uz9,5.71
3wvm,5.71
6q60,5.71
2qg0,5.72
2v25,5.72
3jvr,5.72
3shc,5.72
4br3,5.72
4dkp,5.72
4zw6,5.72
6eyt,5.72
3bqc,5.73
3m3z,5.73
4j44,5.73
1o33,5.74
1o5e,5.74
1qy2,5.74
1zdp,5.74
2pgz,5.74
2pqc,5.74
3gy2,5.74
3ivx,5.74
3pb7,5.74
3wz7,5.74
4lps,5.74
4o2b,5.74
4tkh,5.74
5cbr,5.74
5eis,5.74
5mwh,5.74
5om7,5.74
5ota,5.74
5u4b,5.74
6mh7,5.74
2ya8,5.75
4mn3,5.75
5zdb,5.75
6e6m,5.75
6i8t,5.75
1p1o,5.76
2qta,5.76
4a95,5.76
4muv,5.76
4nwc,5.76
6jav,5.76
1jmf,5.77
1ur9,5.77
2boj,5.77
2xp7,5.77
3k00,5.77
3rm4,5.77
4fxq,5.77
4j45,5.77
4q9o,5.77
5fsn,5.77
5nw7,5.77
5zym,5.77
6eij,5.77
4l4v,5.78
1hmt,5.79
2y5h,5.79
4q4q,5.79
5mo8,5.79
5n31,5.79
6jan,5.79
1kpm,5.8
1ppm,5.8
2q88,5.8
4ezx,5.8
4g8v,5.8
4rhx,5.8
4ymq,5.8
4ysl,5.8
5oei,5.8
6czf,5.8
6eog,5.8
6mnc,5.8
1lkl,5.81
6ey8,5.81
6n3w,5.81
1hdq,5.82
1kav,5.82
1ols,5.82
2nn1,5.82
3b7i,5.82
3gss,5.82
3iue,5.82
3qqa,5.82
3qqs,5.82
3wz8,5.82
4dld,5.82
4e9u,5.82
4lj8,5.82
4p5d,5.82
4r4o,5.82
4rqk,5.82
4z84,5.82
4zec,5.82
5d2r,5.82
5tb6,5.82
6bs3,5.82
6ced,5.82
6ftp,5.82
6i14,5.82
4do5,5.83
4km2,5.84
5dw2,5.84
6bm5,5.84
1k4g,5.85
1o2w,5.85
1ogz,5.85
1q54,5.85
1qbn,5.85
1u1w,5.85
2pu1,5.85
2r3t,5.85
2vmf,5.85
2z94,5.85
3e5u,5.85
3ehy,5.85
4b6r,5.85
4des,5.85
4qdk,5.85
4rww,5.85
5egu,5.85
5eng,5.85
5lso,5.85
5mme,5.85
5ndf,5.85
5oq8,5.85
6d18,5.85
6pvv,5.85
4azc,5.86
4jne,5.86
4xya,5.86
3tcg,5.87
5eh5,5.87
5lif,5.87
5za7,5.87
6gj8,5.87
4cfl,5.88
4zei,5.88
6fmc,5.88
1b3l,5.89
1e1x,5.89
1ydk,5.89
2brm,5.89
2tmn,5.89
3eeb,5.89
3h1x,5.89
3qgw,5.89
3uev,5.89
4arb,5.89
4de0,5.89
4wk1,5.89
5fsy,5.89
5t8p,5.89
6dpx,5.89
6eq2,5.89
1v2n,5.9
2weq,5.9
3old,5.9
5fhn,5.9
5lvl,5.9
6md0,5.9
1ugx,5.91
3ebp,5.91
4csd,5.91
5cp5,5.91
6ey9,5.91
1a4w,5.92
1jao,5.92
1kyv,5.92
1ndv,5.92
1o0h,5.92
1pph,5.92
1qf2,5.92
1qka,5.92
1yds,5.92
1yet,5.92
2ans,5.92
2xn3,5.92
3kgu,5.92
3neo,5.92
3r4m,5.92
3zv7,5.92
4kyh,5.92
4lkk,5.92
4rdn,5.92
4u0f,5.92
4y5d,5.92
5ivc,5.92
5owl,5.92
6eux,5.92
6gw4,5.92
6mh1,5.92
6r8w,5.92
1fv0,5.93
6ej3,5.93
1kv1,5.94
3lmk,5.94
4mr3,5.94
4ra1,5.94
5y13,5.94
2weh,5.95
5a6k,5.95
6epa,5.95
6fz4,5.95
1b9j,5.96
1d6w,5.96
1nl9,5.96
1o36,5.96
1q8u,5.96
2j79,5.96
2xht,5.96
3wz6,5.96
4d4d,5.96
4de1,5.96
4msc,5.96
4w9i,5.96
4zw8,5.96
5od1,5.96
5ovc,5.96
5ttw,5.96
5umx,5.96
5vcw,5.96
6d9s,5.96
6eqp,5.96
1uwt,5.97
4fm8,5.97
4nkt,5.97
4tjz,5.97
4yx4,5.97
1uwu,5.98
6jb4,5.98
3e12,5.99
3huc,5.99
4az5,5.99
6jbb,5.99
1a1e,6.0
1ado,6.0
1c5s,6.0
1ceb,6.0
1d2e,6.0
1f0t,6.0
1jq8,6.0
1ssq,6.0
1xk5,6.0
2bvd,6.0
2gh9,6.0
2izl,6.0
2r43,6.0
2rcn,6.0
2vqt,6.0
2wf5,6.0
3ddg,6.0
3l4w,6.0
3nex,6.0
3ucj,6.0
3uil,6.0
4bb9,6.0
4kwg,6.0
4p3h,6.0
4rr6,6.0
5f0f,6.0
5f1r,6.0
5j82,6.0
5kcb,6.0
5vd1,6.0
6f90,6.0
6qgf,6.0
1b5h,6.01
1eb2,6.01
2vl4,6.01
4b6s,6.01
5mmg,6.01
5uez,6.01
3coy,6.02
3f3c,6.02
3su6,6.02
3zq9,6.02
4og4,6.02
5er1,6.02
5oht,6.02
5yhg,6.02
1okl,6.03
1os0,6.03
1sh9,6.03
1t7d,6.03
2ce9,6.03
4f9u,6.03
4zb8,6.03
5cso,6.03
1xbo,6.04
4km0,6.04
4nuc,6.04
4tkj,6.04
6g3v,6.04
6hm1,6.04
6ic2,6.04
1eoc,6.05
3bgb,6.05
3iss,6.05
3ouj,6.05
3pcf,6.05
4ara,6.05
4kqp,6.05
4m12,6.05
5g2g,6.05
5n0f,6.05
6eln,6.05
1g7q,6.06
1kjr,6.06
1qb6,6.06
2fxs,6.06
2nnd,6.06
3sfg,6.06
4io3,6.06
4l50,6.06
5d3l,6.06
5jhb,6.06
6ge7,6.06
1jmg,6.07
2gst,6.07
2w5g,6.07
3b25,6.07
3c89,6.07
3fvl,6.07
3owj,6.07
6uh0,6.07
1nhz,6.08
2wc3,6.08
2wej,6.08
3bkk,6.08
3iw5,6.08
4kp5,6.08
5h9r,6.08
5u0y,6.08
6qz5,6.08
1o2n,6.09
1ogx,6.09
1w9u,6.09
3p8z,6.09
5d26,6.09
5e7n,6.09
5fso,6.09
6dsp,6.09
6eed,6.09
6hpw,6.09
1azm,6.1
1dzk,6.1
1lgt,6.1
1m2q,6.1
2e7f,6.1
2ewb,6.1
2flr,6.1
2p7a,6.1
2wed,6.1
2yay,6.1
3c8b,6.1
3cke,6.1
3v2n,6.1
4gah,6.1
4kxn,6.1
4kzq,6.1
4l19,6.1
4r5t,6.1
5efh,6.1
6mlo,6.1
1g32,6.11
1m2p,6.11
1o2z,6.11
2qnq,6.11
4kao,6.11
4m7j,6.11
4tqn,6.11
5f1x,6.11
5kax,6.11
6b4d,6.11
6hq7,6.11
1nc1,6.12
1x8r,6.12
2fgv,6.12
2p2a,6.12
2wvt,6.12
3qfy,6.12
4ayp,6.12
4hp0,6.12
4k4j,6.12
6fmj,6.12
6ugn,6.12
6j72,6.13
2c97,6.14
2fqt,6.14
2zym,6.14
4zx1,6.14
5nk9,6.14
5u49,6.14
1u0g,6.15
1zs0,6.15
2r75,6.15
3arw,6.15
4f6u,6.15
5dit,6.15
5ftg,6.15
5wxh,6.15
6eq3,6.15
6g98,6.15
6guk,6.15
6mu3,6.15
1ppc,6.16
2i4j,6.16
4o04,6.16
5nwi,6.16
6ugp,6.16
1a9q,6.17
1d6v,6.17
1k1o,6.17
1ndy,6.17
1yc1,6.17
3bkl,6.17
3hk1,6.17
4aq4,6.17
4b9k,6.17
4fht,6.17
4pfu,6.17
5fnt,6.17
6r8l,6.17
1xhy,6.18
3c8a,6.18
3w9r,6.18
4q6e,6.18
1iy7,6.19
1tq4,6.19
1v2k,6.19
2bt9,6.19
2qbu,6.19
3u5l,6.19
4wrb,6.19
5u0z,6.19
1owe,6.2
1sqt,6.2
2aj8,6.2
4ad2,6.2
4k6i,6.2
4ufi,6.2
1b3h,6.21
3s8n,6.21
3sug,6.21
4cg9,6.21
4mul,6.21
4ymb,6.21
5en3,6.21
5vyy,6.21
1l8g,6.22
2xda,6.22
3acl,6.22
3ip5,6.22
3lpp,6.22
3p2e,6.22
3pd9,6.22
4bqg,6.22
4m0e,6.22
4mdn,6.22
4nja,6.22
6eiz,6.22
6gjn,6.22
6hgi,6.22
1m7d,6.23
4w9j,6.23
5wa8,6.23
5y12,6.23
6qr4,6.23
3vh9,6.24
5lwd,6.24
6eir,6.24
6hh3,6.24
6i61,6.24
1gnm,6.25
2o4z,6.25
2zdn,6.25
3rf4,6.25
4bcp,6.25
1wcq,6.26
3bgz,6.26
3su4,6.26
4r4t,6.26
4ua8,6.26
4wiv,6.26
5oku,6.26
6f1n,6.26
1pbq,6.27
2j94,6.27
3bfu,6.27
4f0c,6.27
4r4i,6.27
6ugr,6.27
1afl,6.28
1atl,6.28
1w3l,6.28
2aog,6.28
4djw,6.28
4q99,6.28
4rd6,6.28
4zb6,6.28
5ia1,6.28
5ix0,6.28
5lz7,6.28
5nz4,6.28
2xyt,6.29
3f48,6.29
3h8b,6.29
3v2q,6.29
4d8z,6.29
4lj5,6.29
4n7u,6.29
4r06,6.29
5za8,6.29
6elo,6.29
6o5a,6.29
1d4p,6.3
1lag,6.3
1wdn,6.3
1wm1,6.3
2oi2,6.3
2q89,6.3
2vrj,6.3
3ebl,6.3
3k5v,6.3
3t70,6.3
4e1k,6.3
4eor,6.3
4etz,6.3
4oag,6.3
4pow,6.3
4q08,6.3
5d25,6.3
5dhu,6.3
5htl,6.3
6qgg,6.3
1nja,6.31
2bal,6.31
2pvu,6.31
3q44,6.31
3u93,6.31
3uew,6.31
4cpy,6.31
4d1j,6.31
4der,6.31
5gmh,6.31
5wij,6.31
1w3j,6.32
2wnc,6.32
2zb1,6.32
3ebh,6.32
3w9k,6.32
5ekm,6.32
5meh,6.32
6pvw,6.32
6rot,6.32
6upj,6.32
1ex8,6.33
2qbr,6.33
4nbl,6.33
4zvi,6.33
5mrb,6.33
5nk7,6.33
5u4d,6.33
1bdq,6.34
1w9v,6.34
1xq0,6.34
3cj5,6.34
3zk6,6.34
4muf,6.34
4z0k,6.34
5kbe,6.34
5m04,6.34
6d5j,6.34
1cbx,6.35
1gjc,6.35
2j7f,6.35
2p09,6.35
3ckp,6.35
3ctt,6.35
3ed0,6.35
3fvh,6.35
3rt8,6.35
5ivv,6.35
5lz5,6.35
5vcz,6.35
6cvf,6.35
1c5q,6.36
1ela,6.36
1o2o,6.36
3oku,6.36
3t6b,6.36
3v2p,6.36
5ant,6.36
5d3x,6.36
5ucj,6.36
5xo7,6.36
1gx8,6.37
1hbv,6.37
1hms,6.37
2qpq,6.37
2w9h,6.37
2zdk,6.37
3qlm,6.37
5d0r,6.37
5vb6,6.37
6u8b,6.37
2hkf,6.38
4yyt,6.38
5nya,6.38
5v7a,6.38
6equ,6.38
4q4p,6.39
5nze,6.39
6csq,6.39
6gf9,6.39
6hoq,6.39
10gs,6.4
1g7v,6.4
1i7z,6.4
1igb,6.4
1usk,6.4
1yvm,6.4
2y8c,6.4
2zdl,6.4
3arq,6.4
3k1j,6.4
3kmc,6.4
3s72,6.4
3tf6,6.4
3zll,6.4
4cga,6.4
4eu0,6.4
4je7,6.4
4mss,6.4
4xy8,6.4
5g61,6.4
5hz8,6.4
5l8y,6.4
5uk8,6.4
6f92,6.4
6g5u,6.4
6gvz,6.4
6idb,6.4
1syh,6.41
2cgf,6.41
2qnp,6.41
2xxx,6.41
2zdm,6.41
3k5x,6.41
3r17,6.41
5ihh,6.41
5jxn,6.41
5v79,6.41
6i65,6.41
6py0,6.41
1o5a,6.42
2j78,6.42
3d2e,6.42
4ufh,6.42
5x62,6.42
6eiq,6.42
6j1l,6.42
1fh9,6.43
2b07,6.43
2fqo,6.43
4d3h,6.43
4ge1,6.43
4q4r,6.43
6eeo,6.43
6g9u,6.43
6m8q,6.43
6rtw,6.43
2jh5,6.44
2pvm,6.44
3pfp,6.44
4da5,6.44
4ea2,6.44
4jfk,6.44
4q3u,6.44
5ivy,6.44
5ny1,6.44
5w44,6.44
6hqy,6.44
6qr3,6.44
3qw5,6.45
4kwo,6.45
5fut,6.45
5jss,6.45
1m2r,6.46
1r5y,6.46
1ro6,6.46
2xd9,6.46
2xdx,6.46
3o8p,6.46
3pd8,6.46
4m0y,6.46
4n07,6.46
4ymh,6.46
5dbm,6.46
5efj,6.46
5iwg,6.46
5uc4,6.46
5vb5,6.46
6epy,6.46
6qi7,6.46
1j01,6.47
3cm2,6.47
3s78,6.47
3tfp,6.47
4mhy,6.47
4mq6,6.47
4rd3,6.47
4zji,6.47
5j8u,6.47
5mes,6.47
6b4l,6.47
6np3,6.47
1f4g,6.48
1gpn,6.48
1rpj,6.48
2wnj,6.48
3g3r,6.48
3gsm,6.48
4e67,6.48
4q3t,6.48
5yyf,6.48
6fe0,6.48
6ql1,6.48
1dl7,6.49
3bft,6.49
3mho,6.49
3nw3,6.49
3s0b,6.49
4hw3,6.49
5cu4,6.49
5i2f,6.49
5nw2,6.49
5tuo,6.49
5vd0,6.49
6ftw,6.49
6q54,6.49
2weg,6.5
3bwj,6.5
4kzu,6.5
4mme,6.5
4oc0,6.5
4yxi,6.5
6o5t,6.5
6rfw,6.5
2usn,6.51
2xjj,6.51
3cj4,6.51
3hf8,6.51
3wmc,6.51
4zbi,6.51
5jvi,6.51
5t8o,6.51
6faf,6.51
6if0,6.51
6nyv,6.51
1alw,6.52
1g74,6.52
1k9s,6.52
1qy1,6.52
1zhy,6.52
2h4g,6.52
2nn7,6.52
2nt7,6.52
2oxy,6.52
2zft,6.52
3bva,6.52
3dx3,6.52
3hzv,6.52
3o9p,6.52
3uo4,6.52
4dko,6.52
4dkr,6.52
4uj1,6.52
4zeb,6.52
5g60,6.52
5nw0,6.52
6iez,6.52
2p7g,6.53
3wtj,6.53
1drv,6.54
1o3l,6.54
2h21,6.54
2zfs,6.54
3d0b,6.54
3fuz,6.54
3jvs,6.54
3sr4,6.54
4a4v,6.54
4aqh,6.54
4ht2,6.54
4leq,6.54
4pv5,6.54
4rfr,6.54
4uac,6.54
4w9k,6.54
5cqu,6.54
6gfs,6.54
6u8o,6.54
1dhj,6.55
1hmr,6.55
1hp5,6.55
1n4h,6.55
1yc4,6.55
1yda,6.55
2bok,6.55
2xxr,6.55
3s0e,6.55
4iue,6.55
4og3,6.55
5sym,6.55
5tpx,6.55
6e5t,6.55
2zq2,6.56
4db7,6.56
4lbu,6.56
5oaj,6.56
6f3b,6.56
1sld,6.57
2fqy,6.57
2hzl,6.57
2pwc,6.57
3ove,6.57
3qox,6.57
3tfn,6.57
4fs4,6.57
5er2,6.57
5evz,6.57
5g1a,6.57
5vcy,6.57
6ecz,6.57
1k1i,6.58
2p7z,6.58
3pb9,6.58
4cd4,6.58
1b58,6.59
1fiv,6.59
1izi,6.59
2e91,6.59
2pvh,6.59
2pwr,6.59
3gs6,6.59
3t8v,6.59
4qnb,6.59
4xas,6.59
5ew0,6.59
5l4i,6.59
5vja,6.59
6fag,6.59
1b38,6.6
1g7g,6.6
1jzs,6.6
2euk,6.6
2f7p,6.6
2j4g,6.6
2jdp,6.6
2wly,6.6
3dln,6.6
3ip6,6.6
3lxe,6.6
3v3q,6.6
4dkq,6.6
4h75,6.6
4mr6,6.6
4oc1,6.6
4x8o,6.6
4zzd,6.6
5i88,6.6
5l7e,6.6
5nw1,6.6
5z7j,6.6
6d5g,6.6
6eis,6.6
6i17,6.6
5o87,6.61
6d19,6.61
6fsy,6.61
1afk,6.62
1ii5,6.62
2ews,6.62
2j7b,6.62
2jgs,6.62
2vwc,6.62
3ljo,6.62
3ozp,6.62
4btk,6.62
4er1,6.62
4gfo,6.62
4mpn,6.62
4rd0,6.62
6eqv,6.62
6g38,6.62
2x7t,6.63
2yfe,6.63
3f8f,6.63
4k77,6.63
4lyw,6.63
4xip,6.63
5jt9,6.63
6b97,6.63
6elp,6.63
1lcp,6.64
1sln,6.64
2b1g,6.64
2d3z,6.64
2za0,6.64
3b26,6.64
3fee,6.64
5i2e,6.64
5ko1,6.64
5nk8,6.64
2j75,6.65
3mzc,6.65
4yha,6.65
6cwn,6.65
1a4r,6.66
1cps,6.66
1elc,6.66
1pxp,6.66
1wur,6.66
2xj7,6.66
2yz3,6.66
3pwd,6.66
3zj6,6.66
4v27,6.66
5cy9,6.66
5nxi,6.66
5wyx,6.66
6dar,6.66
6idg,6.66
3g19,6.67
5fho,6.67
5op5,6.67
6b1k,6.67
6bbx,6.67
6plf,6.67
1c5x,6.68
1mai,6.68
2fqw,6.68
2iwx,6.68
2qbs,6.68
3o75,6.68
3su1,6.68
3zhx,6.68
4ca8,6.68
4ew2,6.68
5o4f,6.68
6ayi,6.68
2jew,6.69
2xn5,6.69
5a6x,6.69
5fs5,6.69
5yhe,6.69
5z66,6.69
1b0h,6.7
1b3g,6.7
1eld,6.7
1f3e,6.7
1koj,6.7
1nki,6.7
2a5s,6.7
2evl,6.7
2oxx,6.7
2py4,6.7
3eko,6.7
3hzk,6.7
3mhi,6.7
3pck,6.7
3pgu,6.7
3t60,6.7
3t64,6.7
4ewn,6.7
4f09,6.7
4io2,6.7
4jyc,6.7
4jz1,6.7
4m13,6.7
4m14,6.7
4o2p,6.7
5g17,6.7
5g5v,6.7
5nvv,6.7
6ebe,6.7
6i67,6.7
6n9l,6.7
6rfn,6.7
2f94,6.71
4cd5,6.71
4pvy,6.71
5odx,6.71
5op4,6.71
5tt3,6.71
6ghh,6.71
1rbp,6.72
2jdu,6.72
2vpn,6.72
2xc0,6.72
3aqt,6.72
3gst,6.72
3l4v,6.72
3l4z,6.72
4djv,6.72
4flp,6.72
4i74,6.72
4o0a,6.72
5o58,6.72
5vb7,6.72
5wa5,6.72
5ya5,6.72
5zhl,6.72
6fo5,6.72
6qr9,6.72
1wvj,6.73
4pum,6.73
4r5b,6.73
4w9h,6.73
5am6,6.73
5ia0,6.73
5js3,6.73
1add,6.74
1usi,6.74
2x91,6.74
2zc9,6.74
2zgx,6.74
3dgo,6.74
3fzy,6.74
3m67,6.74
3oim,6.74
4ca6,6.74
4ew3,6.74
4f9y,6.74
4lxz,6.74
5j27,6.74
5nk2,6.74
5za9,6.74
6i66,6.74
6i8y,6.74
6qqz,6.74
3ikd,6.75
4cwt,6.75
6faa,6.75
2on6,6.76
4pvx,6.76
5wa9,6.76
6f9v,6.76
1o30,6.77
1o3j,6.77
1om1,6.77
1ony,6.77
1qb1,6.77
3fas,6.77
3fvn,6.77
3m40,6.77
4cwp,6.77
4loi,6.77
4x48,6.77
5ayt,6.77
5fh8,6.77
5nvw,6.77
6g2o,6.77
3gcu,6.78
5yh8,6.78
5zaf,6.78
6g7a,6.78
6sbt,6.78
2rcb,6.79
3su0,6.79
4ogj,6.79
5y94,6.79
6s4n,6.79
1fl3,6.8
1nq7,6.8
1p1n,6.8
2xhm,6.8
3c88,6.8
3fx6,6.8
3s2v,6.8
5j8m,6.8
5nk6,6.8
6i62,6.8
6np2,6.8
2uwp,6.81
5zae,6.81
1drk,6.82
1fhd,6.82
1jeu,6.82
1k1n,6.82
1lrh,6.82
1o38,6.82
1uwf,6.82
2b1i,6.82
2c94,6.82
2oxd,6.82
2pym,6.82
2rfh,6.82
2v8w,6.82
2xyd,6.82
2zq0,6.82
3dx2,6.82
3m3x,6.82
3s75,6.82
4nue,6.82
4qy3,6.82
5exw,6.82
5vcv,6.82
2xnb,6.83
6e7r,6.83
1bhx,6.84
2y5g,6.84
3ewj,6.84
4kn1,6.84
5cep,6.84
6csr,6.84
1ele,6.85
1g30,6.85
1lkk,6.85
1os5,6.85
1q72,6.85
1qyg,6.85
1xk9,6.85
1xt8,6.85
3n76,6.85
3pn4,6.85
3s8o,6.85
4k3h,6.85
5f1v,6.85
5ie1,6.85
5j64,6.85
6d5e,6.85
6fnj,6.85
3aid,6.86
3pyy,6.86
5dx4,6.86
5fh7,6.86
1cgl,6.87
2zcr,6.87
3tmk,6.87
4mhz,6.87
4re4,6.87
4rvr,6.87
5j0d,6.87
5nih,6.87
5vr8,6.87
6gl9,6.87
1xka,6.88
3oe5,6.88
4bco,6.88
5z99,6.88
6el5,6.88
1b3f,6.89
1fh8,6.89
1jev,6.89
1sb1,6.89
1uz1,6.89
2bfq,6.89
2dri,6.89
2e92,6.89
2f34,6.89
2r3w,6.89
2vk2,6.89
3hu3,6.89
3jya,6.89
3l4x,6.89
3r4n,6.89
4g4p,6.89
4x8v,6.89
6e7t,6.89
6glb,6.89
1k1l,6.9
3cow,6.9
3gbb,6.9
3uyr,6.9
4zzx,6.9
3evd,6.91
4bcm,6.91
5cqt,6.91
1a9m,6.92
1k6v,6.92
1o2j,6.92
1pkx,6.92
1swr,6.92
2d3u,6.92
2uy0,6.92
3bl0,6.92
3lir,6.92
3r1v,6.92
3uex,6.92
3wto,6.92
4qtl,6.92
5d45,6.92
5ymx,6.92
6c9v,6.92
6d5h,6.92
6e7u,6.92
6qr0,6.92
2weo,6.93
4f9w,6.94
4rn4,6.94
4xir,6.94
1tcx,6.95
4k9y,6.95
4q4s,6.95
1atr,6.96
1c5c,6.96
1gvw,6.96
1oyq,6.96
1x8j,6.96
3exe,6.96
3pn1,6.96
4cg8,6.96
4i54,6.96
4jyb,6.96
4loh,6.96
4rpn,6.96
5cst,6.96
5yqx,6.96
6pi5,6.96
3t84,6.97
4nj9,6.97
4xar,6.97
5umy,6.97
5zag,6.97
1my4,6.98
3hv8,6.98
3t83,6.98
4att,6.98
6eif,6.98
6j3p,6.98
3slz,6.99
4bcs,6.99
4fai,6.99
1fki,7.0
1fpc,7.0
1gj6,7.0
1zoh,7.0
2gyi,7.0
2j7g,7.0
2wzf,7.0
3bbb,7.0
3drf,7.0
3drg,7.0
3kdm,7.0
3l4y,7.0
3mhm,7.0
3t82,7.0
3wtm,7.0
3wzn,7.0
3zyu,7.0
4b6o,7.0
4dew,7.0
4fcq,7.0
4riv,7.0
5boj,7.0
5d47,7.0
5edb,7.0
5fl4,7.0
5g2b,7.0
5l8c,7.0
5l9i,7.0
5mwy,7.0
5sz6,7.0
6eq7,7.0
6haz,7.0
6hr2,7.0
6msy,7.0
6mub,7.0
3nht,7.01
6fs1,7.01
6hay,7.01
6hhr,7.01
6i63,7.01
1ypj,7.02
2vwl,7.02
3cdb,7.02
3igp,7.02
3n4b,7.02
3pbb,7.02
6p3v,7.02
1b1h,7.03
2vwm,7.03
4av4,7.03
4ql1,7.03
5epl,7.03
5hz9,7.03
5vsf,7.03
5win,7.03
3wtl,7.04
3wtn,7.04
4p6x,7.04
6qpl,7.04
1b5i,7.05
1xug,7.05
2bq7,7.05
2jxr,7.05
2wer,7.05
3ahn,7.05
3aho,7.05
3i4y,7.05
3s0d,7.05
4h3j,7.05
5lli,7.05
5nvx,7.05
6as8,7.05
6c0s,7.05
1ui0,7.06
3po6,7.06
4cwq,7.06
4zzz,7.06
5e2r,7.06
5uxf,7.06
5zc5,7.06
5zyl,7.06
1ydd,7.07
2f9k,7.07
3cl0,7.07
3ryv,7.07
4oc5,7.07
4qew,7.07
4xiq,7.07
5f5z,7.07
5hva,7.07
5hz5,7.07
5mpn,7.07
1xpz,7.08
2hnx,7.08
3rlp,7.08
4emf,7.08
5l2s,7.08
1lpg,7.09
1yq7,7.09
2bz6,7.09
3f7h,7.09
4c1u,7.09
4ghi,7.09
5gsa,7.09
5k0h,7.09
5y8y,7.09
5zg0,7.09
6hrq,7.09
1b32,7.1
2f7i,7.1
2v57,7.1
2wjg,7.1
3ebi,7.1
3hky,7.1
3udd,7.1
3zdg,7.1
4azg,7.1
4bny,7.1
4uj2,7.1
4w97,7.1
4ymx,7.1
5l9l,7.1
5vd2,7.1
6gxq,7.1
6p83,7.1
4zx4,7.11
5ula,7.11
5vc3,7.11
6dpt,7.11
6ht1,7.11
1b05,7.12
1b52,7.12
1nz7,7.12
1xd0,7.12
1z95,7.12
2pov,7.12
2x2r,7.12
3dx4,7.12
3hww,7.12
4daf,7.12
4e0x,7.12
5upj,7.12
6o48,7.12
1o3d,7.13
2j7d,7.13
3zc5,7.13
4arw,7.13
4b6p,7.13
4kx8,7.13
4zbf,7.13
5lom,7.13
5obg,7.13
2pv1,7.14
2vot,7.14
3ffp,7.14
3n7o,7.14
4ks4,7.14
4wov,7.14
4xaq,7.14
5ehr,7.14
5my8,7.14
6epz,7.14
6fng,7.14
1elb,7.15
1fch,7.15
1pxn,7.15
1xr9,7.15
1zog,7.15
2fqx,7.15
2qnn,7.15
3arp,7.15
3fql,7.15
3n9r,7.15
4c1t,7.15
4ko8,7.15
4xt2,7.15
5hvs,7.15
6fcj,7.15
6mku,7.15
6nfh,7.15
6qr7,7.15
1f0u,7.16
3f3d,7.16
4iva,7.16
4o9w,7.16
6u5y,7.16
1g36,7.17
1o2h,7.17
2doo,7.17
2i6b,7.17
3el4,7.17
3tsk,7.17
4i9h,7.17
4o0x,7.17
5bv3,7.17
5u28,7.17
5v0n,7.17
6g2l,7.17
6hlx,7.17
6htg,7.17
6p9e,7.17
2q63,7.18
2xj2,7.18
5wex,7.18
6e5l,7.18
1fcx,7.19
1gi4,7.19
1hsl,7.19
1q7a,7.19
1z9y,7.19
2j7h,7.19
3f19,7.19
3gdt,7.19
3nsn,7.19
4app,7.19
4zx3,7.19
5am7,7.19
5ha1,7.19
5t9z,7.19
6c7x,7.19
6ndl,7.19
2pow,7.2
2pqb,7.2
2xii,7.2
3c79,7.2
3k2f,7.2
3mz6,7.2
4g8n,7.2
2yek,7.21
3f1a,7.21
3s77,7.21
4av5,7.21
4b73,7.21
5bwc,7.21
5i80,7.21
5kly,7.21
5zg3,7.21
1gvx,7.22
1lan,7.22
1sw2,7.22
2epn,7.22
2h6t,7.22
2hnc,7.22
3cyz,7.22
3dzt,7.22
3k99,7.22
3m35,7.22
3m96,7.22
3pcj,7.22
3uz5,7.22
4cra,7.22
4gfm,7.22
4o0y,7.22
5tfx,7.22
5we9,7.22
6k3l,7.22
3f8e,7.23
4avh,7.23
4djx,7.23
4lxd,7.23
1g2l,7.24
1oyt,7.24
2psv,7.24
3ikg,7.24
3n3g,7.24
3o84,7.24
3p3t,7.24
4azb,7.24
4fm7,7.24
4ha5,7.24
4r75,7.24
5ad1,7.24
5dh4,7.24
5nxw,7.24
5xmx,7.24
6g3q,7.24
6jb0,7.24
1jet,7.25
2ces,7.25
2ole,7.25
2qbw,7.25
3gcs,7.25
3mhl,7.25
3p3r,7.25
1dhi,7.26
1mrx,7.26
2qzr,7.26
2xib,7.26
3cz1,7.26
3gc5,7.26
3p5o,7.26
4ly1,7.26
4nnr,7.26
5hvt,7.26
6mlj,7.26
4itp,7.27
4xit,7.27
6q3y,7.27
1b40,7.28
1hii,7.28
1kel,7.28
2ceq,7.28
2cgr,7.28
2pql,7.28
2qhz,7.28
2yel,7.28
3a6t,7.28
3fl5,7.28
3o7u,7.28
4alx,7.28
4m2w,7.28
4qjx,7.28
5cap,7.28
5i7x,7.28
5i7y,7.28
5ia4,7.28
3ccz,7.29
4do4,7.29
4iwz,7.29
5xva,7.29
6fa4,7.29
6mji,7.29
1o3i,7.3
1tmn,7.3
1zge,7.3
2i3i,7.3
2qi1,7.3
2uxi,7.3
2vvn,7.3
3c52,7.3
3n0n,7.3
3r16,7.3
4b1j,7.3
4qyy,7.3
4riu,7.3
4sga,7.3
5l7h,7.3
6ckr,7.3
1o1s,7.31
3uod,7.31
4nyf,7.31
5tbm,7.31
6ex1,7.31
6i64,7.31
1qf1,7.32
1ydt,7.32
2j7e,7.32
3ipu,7.32
3kv2,7.32
3pww,7.32
4c9x,7.32
4qj0,7.32
6c9s,7.32
6p3t,7.32
6s5k,7.32
2j2u,7.33
2r2m,7.33
4ayq,7.33
5w2s,7.33
6h77,7.33
6hly,7.33
1uw6,7.34
2gv6,7.34
2vvs,7.34
2ydw,7.34
3f7i,7.34
4mnp,7.34
5dqc,7.34
5ia3,7.34
1qkb,7.35
1ttm,7.35
3rtf,7.35
3s6t,7.35
3su2,7.35
3zdh,7.35
4z93,7.35
6ma4,7.35
1k6p,7.36
1swg,7.36
4ca7,7.36
4gu6,7.36
4q6d,7.36
4xmb,7.36
5fl6,7.36
5vc4,7.36
6d55,7.36
6e4a,7.36
6q3z,7.36
6qmj,7.36
1b51,7.37
1cnx,7.37
1fao,7.37
3dp4,7.37
3f7g,7.37
3m5e,7.37
5f60,7.37
5ufp,7.37
6g37,7.37
6nwl,7.37
6pve,7.37
1bxq,7.38
1qf0,7.38
2qi0,7.38
4hfp,7.38
4o07,7.38
5ceq,7.38
5igm,7.38
5lny,7.38
5tcj,7.38
5zaj,7.38
6gwe,7.38
1d3p,7.39
2hzy,7.39
3mna,7.39
3p5l,7.39
4na9,7.39
1b55,7.4
1drj,7.4
1f8c,7.4
1k1m,7.4
1oar,7.4
1owh,7.4
1zoe,7.4
2bpy,7.4
2i3h,7.4
2zy1,7.4
3f18,7.4
3re4,7.4
3rlq,7.4
3up2,7.4
3vha,7.4
3zi0,7.4
4jyt,7.4
4jzi,7.4
4kn0,7.4
4z83,7.4
5tuz,7.4
6im4,7.4
1ik4,7.41
2q2a,7.41
3s5y,7.41
3zns,7.41
4j21,7.41
4p5z,7.41
4qpl,7.41
4wn5,7.41
5ne5,7.41
6fyz,7.41
1q5k,7.42
1t32,7.42
2pou,7.42
2xys,7.42
3ryy,7.42
3zm9,7.42
5nk3,7.42
6ei5,7.42
1b5j,7.43
2bak,7.43
2isw,7.43
3mmf,7.43
4o05,7.43
4qgd,7.43
6eol,7.43
1ciz,7.44
1qb9,7.44
1vzq,7.44
2f7o,7.44
2oxn,7.44
2qbq,7.44
2r38,7.44
3znr,7.44
4avj,7.44
4m2v,7.44
6o0o,7.44
1n0s,7.45
2ccb,7.45
4azi,7.45
1sqo,7.46
1yei,7.46
1yej,7.46
2p53,7.46
3fed,7.46
3ocz,7.46
3t2w,7.46
4cpr,7.46
4dff,7.46
4q4o,7.46
5f61,7.46
5fdc,7.46
5msb,7.46
5nlk,7.46
6gxb,7.46
6qmk,7.46
1xh4,7.47
3oe4,7.47
3own,7.47
5ny3,7.47
5o07,7.47
5ogb,7.47
5tmp,7.47
6maj,7.47
1iiq,7.48
1k6c,7.48
1u71,7.48
2qhy,7.48
2qwe,7.48
3l3l,7.48
3u92,7.48
6dl2,7.48
6eya,7.48
6qau,7.48
2hhn,7.49
3m6r,7.49
3nyx,7.49
4emr,7.49
4l6t,7.49
5vih,7.49
4cpw,7.5
5mwp,7.5
6hk3,7.5
6otg,7.5
2vwo,7.51
3n2v,7.51
4hdp,7.51
4qf8,7.51
5byi,7.51
6fhk,7.51
6sge,7.51
1bm7,7.52
1ivp,7.52
1lah,7.52
1lf2,7.52
1lke,7.52
1mmq,7.52
1uml,7.52
1zfq,7.52
2mas,7.52
3ekr,7.52
3hfb,7.52
3hmo,7.52
3l4u,7.52
3myq,7.52
3rlr,7.52
4dq2,7.52
4f6w,7.52
4ty6,7.52
5d48,7.52
5i8g,7.52
5i9x,7.52
5nau,7.52
5znc,7.52
5u8c,7.53
2f1g,7.54
4hu1,7.54
4qer,7.54
6cwh,7.54
6mln,7.54
1k1j,7.55
1lpk,7.55
1tlp,7.55
1v0l,7.55
2oi0,7.55
2xj1,7.55
3b50,7.55
3ni5,7.55
3rz0,7.55
4asj,7.55
4ngn,7.55
5c8n,7.55
5oot,7.55
6aqs,7.55
6gvf,7.55
6hsh,7.55
6o9c,7.55
3cct,7.56
3suf,7.56
1d09,7.57
1qhc,7.57
2avs,7.57
2pyn,7.57
3cd0,7.57
3ipq,7.57
3ocp,7.57
3q6w,7.57
4crb,7.57
4fnn,7.57
4nvp,7.57
4pmm,7.57
5ive,7.57
6gla,7.57
3cda,7.58
2fdp,7.59
2xb8,7.59
3p3s,7.59
3t5u,7.59
4cu7,7.59
5nkd,7.59
5nkh,7.59
6guh,7.59
6hax,7.59
1lpz,7.6
2c3i,7.6
2o8h,7.6
2zmm,7.6
3ehx,7.6
3fh7,7.6
3gc4,7.6
3iph,7.6
3kr4,7.6
3liw,7.6
3p58,7.6
4m8h,7.6
4uyf,7.6
5hct,7.6
5ia5,7.6
5t9u,7.6
6css,7.6
6guc,7.6
1ftm,7.61
3ibn,7.61
4g95,7.61
5m77,7.61
5vij,7.61
1fzq,7.62
1k6t,7.62
1yqy,7.62
2aoe,7.62
2p3c,7.62
2psu,7.62
2pvl,7.62
3be9,7.62
3o4k,7.62
4dbm,7.62
4uin,7.62
5hu9,7.62
5ta4,7.62
6g5l,7.62
1c1r,7.63
4avi,7.63
4x5z,7.63
1c1v,7.64
1uvt,7.64
2hl4,7.64
3d78,7.64
3fat,7.64
3h89,7.64
3hl7,7.64
3l0v,7.64
3sjf,7.64
4r73,7.64
4rpo,7.64
4ruz,7.64
5el9,7.64
5exn,7.64
5u6j,7.64
966c,7.64
5dex,7.65
6pl1,7.65
1f0r,7.66
1nny,7.66
1ppk,7.66
2cn0,7.66
2yme,7.66
4b74,7.66
4e5w,7.66
4gq4,7.66
4oeu,7.66
4qev,7.66
5dfp,7.66
5edc,7.66
5kz0,7.66
5tcy,7.66
6e1y,7.66
6nw3,7.66
6o5x,7.66
2bpv,7.67
1o2q,7.68
1t4v,7.68
1w0z,7.68
2arm,7.68
3f8c,7.68
3miy,7.68
4cpz,7.68
4d7b,7.68
4del,7.68
4ygf,7.68
5nkg,7.68
5wyz,7.68
5yjm,7.68
6b4u,7.68
6hke,7.68
5xsr,7.69
1bai,7.7
1fzm,7.7
1gno,7.7
1izh,7.7
1mes,7.7
1oau,7.7
1oz0,7.7
1s39,7.7
1uou,7.7
2d1o,7.7
2hmu,7.7
2hmv,7.7
2ves,7.7
2zjw,7.7
3b7r,7.7
3ewc,7.7
3f3e,7.7
3g0e,7.7
3i51,7.7
3p7i,7.7
3th9,7.7
4acc,7.7
4cpt,7.7
4e7r,7.7
4fsl,7.7
4o09,7.7
4tmk,7.7
5l9g,7.7
5sz5,7.7
6cn5,7.7
6g6t,7.7
6nwk,7.7
3lk8,7.71
4mmp,7.71
1ajv,7.72
1cnw,7.72
1j4r,7.72
1oif,7.72
3el5,7.72
3vjc,7.72
4a4w,7.72
4egk,7.72
5ia2,7.72
5nkc,7.72
5nki,7.72
5zg1,7.72
6mj4,7.72
6ugz,7.72
3ljg,7.73
5fdi,7.73
5hbs,7.73
5nyh,7.73
1f0s,7.74
1j36,7.74
1lee,7.74
1nfu,7.74
1qbo,7.74
1rd4,7.74
1sbg,7.74
1txr,7.74
1usn,7.74
2v59,7.74
3b7u,7.74
3nb5,7.74
3tvc,7.74
4auj,7.74
4i71,7.74
4j22,7.74
4pp5,7.74
5j2x,7.74
6qas,7.74
4x50,7.75
2ccc,7.76
4hwp,7.76
4z2b,7.76
6g35,7.76
1xh9,7.77
2jh6,7.77
2qm9,7.77
3cyw,7.77
3dsz,7.77
3gm0,7.77
3mi2,7.77
3tzm,7.77
3uw4,7.77
4gzt,7.77
4lov,7.77
4rj8,7.77
4w9o,7.77
5cbm,7.77
5j6a,7.77
5j6n,7.77
5j9x,7.77
5mg2,7.77
5neb,7.77
6euw,7.77
6ql2,7.77
4kni,7.78
4knn,7.78
5n25,7.78
5ueu,7.78
2zwz,7.79
6g36,7.79
1u1b,7.8
1v48,7.8
1x8t,7.8
2i19,7.8
2ra0,7.8
2wl0,7.8
3agl,7.8
3czv,7.8
3qgy,7.8
3ryj,7.8
4j3l,7.8
4n6z,7.8
4pg9,7.8
4qem,7.8
4qjw,7.8
4w9p,7.8
5hz6,7.8
5i3v,7.8
5l7g,7.8
5njz,7.8
6ej2,7.8
6i8m,7.8
6nfy,7.8
6nsv,7.8
4gr3,7.81
5eu1,7.81
1b6h,7.82
1nf8,7.82
1njs,7.82
1nvs,7.82
2cf9,7.82
2j34,7.82
2jg0,7.82
2o4n,7.82
2ptz,7.82
2xbx,7.82
2xjg,7.82
3gcp,7.82
3n2p,7.82
3prs,7.82
3vx3,7.82
4k0y,7.82
4pp3,7.82
4qpd,7.82
4ybk,7.82
5i29,7.82
6cks,7.82
6g2m,7.82
4gr8,7.83
3cd7,7.84
3ibl,7.84
3n2u,7.84
4gzp,7.84
6b96,7.84
1a94,7.85
1b8y,7.85
1cny,7.85
1laf,7.85
1lbf,7.85
1lst,7.85
2fle,7.85
2gv7,7.85
3c84,7.85
3dd8,7.85
3sut,7.85
3uw5,7.85
4ieh,7.85
4mc1,7.85
4pcs,7.85
4r76,7.85
4rak,7.85
4x5r,7.85
5e89,7.85
5elw,7.85
5f1h,7.85
5hi7,7.85
5uln,7.85
5wuk,7.85
6mja,7.85
4zl4,7.86
3ccw,7.87
1fzo,7.89
1h2t,7.89
2ylc,7.89
2zn7,7.89
3c56,7.89
3hig,7.89
3rz5,7.89
4b5d,7.89
4g8m,7.89
4igt,7.89
4m8e,7.89
4ruy,7.89
4ytc,7.89
5j6l,7.89
5lyr,7.89
6fnf,7.89
3cd5,7.9
1ajx,7.91
5e28,7.91
1b6j,7.92
2jjb,7.92
2ovv,7.92
3d7z,7.92
3eft,7.92
4a6c,7.92
4bcn,7.92
4cws,7.92
4hbm,7.92
4hge,7.92
4phu,7.92
4rux,7.92
5e1s,7.92
5f63,7.92
5i1q,7.92
5jy3,7.92
6nv7,7.92
3daz,7.93
2ewa,7.94
6en5,7.94
6hai,7.94
3t85,7.95
4b7j,7.95
4knj,7.95
5n1r,7.95
5nap,7.95
6s4t,7.95
1epo,7.96
1g2k,7.96
1hvh,7.96
1o3f,7.96
1qxl,7.96
2e1w,7.96
2p3a,7.96
2qe4,7.96
2x8z,7.96
3a5y,7.96
3bgq,7.96
3ekw,7.96
3iww,7.96
3mhc,7.96
3r4p,7.96
3uuo,7.96
4ap7,7.96
4k3n,7.96
4ngp,7.96
4r59,7.96
4y79,7.96
5n84,7.96
5ta2,7.96
6iiu,7.96
3oyq,7.99
4z07,7.99
5n1s,7.99
5nxp,7.99
1a4k,8.0
1b57,8.0
1dqn,8.0
1fkg,8.0
1gaf,8.0
1gai,8.0
1qin,8.0
1r0p,8.0
1rmz,8.0
1tkb,8.0
1vyg,8.0
1xws,8.0
1ypg,8.0
2e94,8.0
2hah,8.0
2vnt,8.0
2vwn,8.0
2xbw,8.0
3b92,8.0
3cyx,8.0
3e92,8.0
3fur,8.0
3gkz,8.0
3gvu,8.0
3hs4,8.0
3k97,8.0
3oy0,8.0
3sio,8.0
3t0x,8.0
3zcl,8.0
4a6l,8.0
4ehz,8.0
4ht0,8.0
4knm,8.0
4mo8,8.0
4o2c,8.0
4o9v,8.0
4poh,8.0
4ujb,8.0
4zx0,8.0
5eqy,8.0
5zw6,8.0
6eq8,8.0
1v7a,8.01
2cc7,8.01
3vje,8.01
6gzd,8.01
1b7h,8.02
2cet,8.02
4uye,8.02
4yes,8.02
4elf,8.03
4x5y,8.03
5e2k,8.03
4m2u,8.04
5tmn,8.04
6k04,8.04
1hih,8.05
1vyf,8.05
2b9a,8.05
2bqv,8.05
2jkh,8.05
2xc4,8.05
2xxt,8.05
2y80,8.05
3ag9,8.05
3ml2,8.05
3u8l,8.05
4b8y,8.05
4hdb,8.05
4q19,8.05
4rfd,8.05
5cxa,8.05
5i9z,8.05
5ld8,8.05
5upe,8.05
5xvg,8.05
6d56,8.05
6gxe,8.05
3dbu,8.06
6evr,8.06
3vbd,8.07
5jfu,8.07
1siv,8.08
3ifl,8.08
2rkg,8.09
2yfx,8.09
3hub,8.09
3tu7,8.09
4elh,8.09
4loy,8.09
5n6s,8.09
6b59,8.09
1erb,8.1
1fzj,8.1
1ghy,8.1
1stc,8.1
1ype,8.1
2cf8,8.1
2e9u,8.1
2pvj,8.1
2vvu,8.1
3f15,8.1
3kr8,8.1
3nx7,8.1
4poj,8.1
4r74,8.1
5i3x,8.1
5m7u,8.1
6ftf,8.1
6gwr,8.1
6ma5,8.1
1ndz,8.11
1nvr,8.11
2pq9,8.11
3fv2,8.11
4cp7,8.11
4v01,8.11
4z1j,8.11
6h38,8.11
1o5r,8.12
2yi0,8.12
6dil,8.12
6dj2,8.12
2yk1,8.13
4pop,8.13
1g35,8.14
1yqj,8.14
3b4f,8.14
3ljz,8.14
3ryx,8.14
4buq,8.14
4isi,8.14
6dj5,8.14
1fkh,8.15
1w5v,8.15
2d1n,8.15
2fxu,8.15
2jf4,8.15
2q1q,8.15
3bu1,8.15
3d8w,8.15
3i4b,8.15
3nxq,8.15
4eo8,8.15
4loo,8.15
4ly9,8.15
5jxq,8.15
5tkj,8.15
5vo1,8.15
6qgh,8.15
4elg,8.16
3rz8,8.17
4q09,8.17
4z0q,8.17
5f62,8.17
2f80,8.18
3l3n,8.18
2r59,8.19
3hit,8.19
3roc,8.19
4mc2,8.19
5aa9,8.19
5acy,8.19
5fl5,8.19
5m25,8.19
5n1z,8.19
5zkc,8.19
6ayq,8.19
6nv9,8.19
2jds,8.2
4gg7,8.2
5exm,8.2
5zo8,8.2
4x5p,8.21
5fto,8.21
5wmg,8.21
1efy,8.22
1h1s,8.22
1w11,8.22
2vvv,8.22
2zcs,8.22
3d1y,8.22
3l3m,8.22
3le9,8.22
3v5t,8.22
3zbx,8.22
4h3g,8.22
4hym,8.22
4lko,8.22
5amg,8.22
5fck,8.22
5k8s,8.22
6det,8.22
6fni,8.22
6r8o,8.22
3e5a,8.23
3f16,8.23
4kfq,8.23
1ydb,8.24
3hll,8.24
4rfc,8.24
4x6m,8.24
4z1e,8.24
6b5q,8.24
6g34,8.24
1c1u,8.25
1g4o,8.25
1nvq,8.25
2pbw,8.25
3ug2,8.25
6cpw,8.25
2e2r,8.26
5j86,8.26
6gzm,8.26
1wuq,8.27
2cbj,8.27
3hek,8.27
4cps,8.27
4djy,8.27
3tt4,8.28
4oc2,8.28
4oc3,8.28
5qqp,8.28
5tkk,8.28
6mqc,8.28
1a28,8.29
4bj8,8.29
6ayo,8.29
6o95,8.29
1b6l,8.3
1qbq,8.3
1tom,8.3
2cen,8.3
2pvk,8.3
2rd6,8.3
2v7a,8.3
2v95,8.3
3fqe,8.3
3gjw,8.3
3hku,8.3
3hvi,8.3
3jy0,8.3
3zps,8.3
4afg,8.3
4cwr,8.3
4o0b,8.3
5j8z,8.3
5khm,8.3
6ma3,8.3
3dc3,8.31
5nxo,8.31
6qav,8.31
2gj5,8.32
2yi7,8.32
4gih,8.32
4jwk,8.32
4pee,8.32
5c2a,8.32
5czm,8.32
1hwr,8.33
4z1k,8.33
1bzy,8.34
2qci,8.34
2xye,8.34
3npc,8.34
5ime,8.34
6g39,8.34
1h23,8.35
2uwd,8.35
3nu5,8.35
4bf6,8.35
4yml,8.35
5edl,8.35
1d4j,8.36
3d83,8.36
3kek,8.36
3r7o,8.36
4e6q,8.36
2nmz,8.37
3t1a,8.37
4bao,8.37
4v24,8.37
6n7a,8.37
1k21,8.38
1mu6,8.38
3qkd,8.38
3zpu,8.38
4a6b,8.38
5d21,8.38
6g3a,8.38
1lzq,8.39
6ayr,8.39
1aaq,8.4
1fd0,8.4
1fq5,8.4
1fzk,8.4
1k22,8.4
1mtr,8.4
1w5x,8.4
1z1h,8.4
1zpa,8.4
2al5,8.4
2baj,8.4
2j95,8.4
2ovy,8.4
2qbp,8.4
2uwl,8.4
2vsl,8.4
2y82,8.4
2zda,8.4
3b68,8.4
3d0e,8.4
3el9,8.4
3qxv,8.4
3str,8.4
3sww,8.4
3zxz,8.4
4aoi,8.4
4bck,8.4
4nh7,8.4
4ual,8.4
5g57,8.4
5org,8.4
6g2s,8.4
6gue,8.4
1e4h,8.41
1g48,8.41
1i9p,8.41
1w96,8.41
1bwb,8.42
4ksy,8.42
4wa9,8.42
5vl2,8.42
2xbv,8.43
2za5,8.43
3nhi,8.43
4y8x,8.43
5dey,8.43
5exl,8.43
5f2u,8.43
2vc9,8.44
2xyf,8.44
4zae,8.44
5kqx,8.44
5n0e,8.44
5voj,8.44
3kdd,8.46
4css,8.46
2oag,8.47
3zln,8.47
5qtt,8.47
6d3q,8.47
1w5y,8.48
2hs1,8.48
2p3b,8.48
2r5p,8.48
2uxz,8.48
2yix,8.48
3b1m,8.48
3n3j,8.48
5kr2,8.48
5n0d,8.48
6fe1,8.48
1ec0,8.49
2g5u,8.49
2ihq,8.49
3s45,8.49
4hdf,8.49
4m2r,8.49
5ufs,8.49
7upj,8.49
2vh0,8.51
3i25,8.51
3u8j,8.51
6oe1,8.51
1fcy,8.52
1i5r,8.52
1nfx,8.52
1rp7,8.52
1xkk,8.52
2boh,8.52
2fvd,8.52
2oc2,8.52
2q64,8.52
2qu6,8.52
2vvc,8.52
2vw5,8.52
2wn9,8.52
3lpi,8.52
3ml5,8.52
3suu,8.52
3ttm,8.52
4nh8,8.52
4o6w,8.52
4o97,8.52
4xoc,8.52
5mpk,8.52
5vi6,8.52
6csp,8.52
3kjd,8.54
4hwo,8.54
5mjn,8.54
5sxm,8.54
1hos,8.55
1ppl,8.55
2byr,8.55
3ejp,8.55
3v51,8.55
5amd,8.55
5i9y,8.55
5nxg,8.55
6hk4,8.55
1bgq,8.57
1q1g,8.57
2x4z,8.57
3ejq,8.57
3ejr,8.57
3v7x,8.57
4kmz,8.57
5caq,8.57
5j6m,8.57
3r5t,8.58
2wky,8.59
3ibi,8.59
5nbw,8.59
6h37,8.59
1bwa,8.6
3b66,8.6
3s43,8.6
3sxf,8.6
3t3u,8.6
4efs,8.6
4gj2,8.6
4qf7,8.6
5sz3,8.6
5upf,8.6
6prf,8.6
4ban,8.61
6gl8,8.61
2cej,8.62
3ryz,8.62
4bf1,8.62
4hf4,8.62
4jx9,8.62
5egm,8.62
5htz,8.62
5zvw,8.62
3f17,8.63
1g45,8.64
1mue,8.64
1r1j,8.64
1t31,8.64
3hkw,8.64
3s71,8.64
4pft,8.64
4qd6,8.64
4zyf,8.64
5e8f,8.64
5x74,8.64
6std,8.64
2oax,8.65
1i9n,8.66
3d1x,8.66
3nox,8.66
3u8k,8.66
5epn,8.66
5n93,8.66
2qd6,8.68
2q55,8.69
5cj6,8.69
1bcd,8.7
1hfs,8.7
1jgl,8.7
1jyq,8.7
1lnm,8.7
1ohr,8.7
1pxo,8.7
1t7j,8.7
1w13,8.7
1xap,8.7
2b7d,8.7
2f8g,8.7
2fmb,8.7
2h4n,8.7
2jh0,8.7
2ojj,8.7
2pcp,8.7
2uwo,8.7
2vj8,8.7
2wgj,8.7
2wyg,8.7
2y5f,8.7
2y7z,8.7
2y81,8.7
3brn,8.7
3d9z,8.7
3eqr,8.7
3ge7,8.7
3hvj,8.7
3i5z,8.7
3i60,8.7
3s73,8.7
4a7i,8.7
4bah,8.7
4eo6,8.7
4hy1,8.7
4r5a,8.7
4rwj,8.7
4yth,8.7
4zwx,8.7
4zwz,8.7
5e2o,8.7
5hcv,8.7
5ih9,8.7
5nk4,8.7
5sz2,8.7
5ufr,8.7
3ckz,8.72
3p8o,8.72
3ts4,8.72
4crc,8.72
4ish,8.72
4ivb,8.72
4x6o,8.72
5ikb,8.72
5jg1,8.72
6dj7,8.72
1b6k,8.74
1mjj,8.74
1sdv,8.74
2vkm,8.74
2wtv,8.74
3rz1,8.74
4ei4,8.74
4gii,8.74
5vkc,8.74
6d78,8.74
6o94,8.74
1bnv,8.77
1d4l,8.77
1qft,8.77
1x38,8.77
1zp8,8.77
2wkz,8.77
3b5r,8.77
3qdd,8.77
4e4l,8.77
4m0f,8.77
5wal,8.77
6cdp,8.79
1fkn,8.8
1g46,8.8
1w5w,8.8
3d1z,8.8
3oaf,8.8
5cau,8.8
5e2p,8.8
5vm0,8.8
6stl,8.8
1ork,8.81
1g54,8.82
1m0b,8.82
2zcq,8.82
2zxg,8.82
3fvk,8.82
3nu4,8.82
4i5c,8.82
4ks1,8.82
4x6n,8.82
5k0m,8.82
5kby,8.82
1lhu,8.83
3mxd,8.83
1d4i,8.85
2avo,8.85
3b67,8.85
3e93,8.85
4gj3,8.85
5cas,8.85
5mlj,8.85
5uoo,8.85
6ayt,8.85
6dz2,8.85
2xej,8.87
5lwm,8.87
1n3i,8.89
1nfy,8.89
1nt1,8.89
2idw,8.89
2y7x,8.89
3ekp,8.89
3vhc,8.89
3zze,8.89
4cst,8.89
5fnu,8.89
5ipj,8.89
6dz3,8.89
6e22,8.89
3egt,8.9
5m23,8.9
4bak,8.91
1ec1,8.92
1kzn,8.92
1r1h,8.92
3k37,8.92
4e6d,8.92
4heg,8.92
5hcy,8.92
5ljt,8.92
5n24,8.92
5sz1,8.92
6oe0,8.92
4bam,8.94
1j37,8.96
1nfw,8.96
2p4j,8.96
3dcc,8.96
3i9g,8.96
3rz7,8.96
3v5p,8.96
4ag8,8.96
4k18,8.96
4und,8.96
4xo8,8.96
5een,8.96
5wqc,8.96
5tbe,8.97
6cdo,8.97
6hzb,8.98
5vp9,8.99
1apv,9.0
1e3g,9.0
1fm9,9.0
1k27,9.0
1mq5,9.0
1mu8,9.0
1y0l,9.0
2j4i,9.0
2p4y,9.0
2wyj,9.0
3dd0,9.0
3jrx,9.0
3u6h,9.0
3u6i,9.0
3ui7,9.0
3uri,9.0
4c2v,9.0
4h3f,9.0
4x5q,9.0
5ef7,9.0
5ljq,9.0
6mle,9.0
2q54,9.01
4baq,9.01
5e2s,9.01
4jh0,9.03
4xtw,9.03
6dz0,9.03
1ec3,9.04
1g53,9.04
1qkt,9.04
3m37,9.04
3vfb,9.04
1ebw,9.05
1ezq,9.05
1kdk,9.05
3hb4,9.05
3nu9,9.05
4e4n,9.05
4i72,9.05
4uja,9.05
5m7s,9.05
1nw4,9.07
2qd8,9.07
3gba,9.07
4cmo,9.07
4xk9,9.07
1bnw,9.08
2rkf,9.08
3a2o,9.08
3ffg,9.08
3sue,9.08
3x00,9.08
6ckw,9.08
1d3d,9.09
1msn,9.09
2v58,9.09
2w8y,9.09
4zls,9.09
1h22,9.1
2qd7,9.1
3gnw,9.1
3lea,9.1
3lpk,9.1
3mdz,9.1
3o56,9.1
3pwm,9.1
3vf7,9.1
4az6,9.1
4hws,9.1
5eek,9.1
5sz0,9.1
6c2r,9.1
1d9i,9.11
4xu0,9.11
3ttp,9.12
5nkb,9.12
1ta6,9.13
2wb5,9.13
3su3,9.13
5j20,9.14
5l30,9.14
2qmg,9.15
2xjx,9.15
3d91,9.15
3ibu,9.15
4clj,9.15
4p6w,9.15
5aml,9.15
5kr0,9.15
6c7q,9.15
6odz,9.15
8cpa,9.15
5wl0,9.17
1z71,9.18
2fgu,9.18
2xb7,9.19
3ozg,9.19
3vfa,9.19
6ays,9.19
5laq,9.2
5upz,9.2
6dyz,9.2
1mh5,9.21
1sqa,9.21
4xty,9.21
1d4k,9.22
1fcz,9.22
1hpo,9.22
1hps,9.22
1hpv,9.22
1uho,9.22
1x39,9.22
1zvx,9.22
2cer,9.22
2o4l,9.22
3rwp,9.22
4jia,9.22
4s1g,9.22
5eei,9.22
5i3w,9.22
6h33,9.22
6n7b,9.22
4xu2,9.23
4dv8,9.24
5llp,9.24
3zlr,9.26
1sdt,9.27
2xab,9.27
3b65,9.27
3nzk,9.27
4xtv,9.27
1xow,9.28
3kdc,9.28
3p8n,9.28
3rux,9.28
3vhd,9.28
4asd,9.28
2ayr,9.29
5kqy,9.29
2yxj,9.3
3fv1,9.3
3nu6,9.3
4crf,9.3
4er2,9.3
4qge,9.3
5anv,9.3
6h2z,9.3
6h34,9.3
6hza,9.3
6orr,9.3
6udu,9.3
1bn4,9.31
3rdq,9.31
2aqu,9.32
3wha,9.32
5jfp,9.32
1bn1,9.34
3vf5,9.34
6o0m,9.34
2e27,9.35
6h36,9.35
2p95,9.37
3nuj,9.39
4ca5,9.39
1ebz,9.4
1fkf,9.4
1ksn,9.4
1met,9.4
1pme,9.4
2o4r,9.4
2w26,9.4
4a4q,9.4
4erf,9.4
4qac,9.4
5anu,9.4
5i3y,9.4
5llo,9.4
6got,9.4
3ekv,9.41
3ekx,9.41
5jop,9.41
1hsh,9.42
3bgs,9.42
3rbu,9.43
1g1d,9.44
4mc9,9.44
2yki,9.46
4b7p,9.46
6g2r,9.46
1qbs,9.47
4wko,9.47
1xjd,9.48
6e7j,9.48
1bnq,9.49
4xu1,9.49
5kr1,9.49
4xu3,9.5
1hvr,9.51
1s19,9.51
2p4s,9.51
1m4h,9.52
2ax9,9.52
2bys,9.52
2g94,9.52
2gvj,9.52
2hoc,9.52
3fv3,9.52
3g0w,9.52
3g5k,9.52
4ivd,9.52
4ty7,9.52
5llc,9.52
6cjr,9.52
6n7d,9.52
1g52,9.54
2pog,9.54
3ppm,9.54
1dmp,9.55
1ws1,9.55
4gr0,9.55
4wkp,9.55
1i37,9.57
1o86,9.57
2z4o,9.57
4ax9,9.57
4gql,9.59
4mc6,9.59
5cjf,9.59
4gqp,9.6
1if8,9.64
2zx8,9.64
3el1,9.64
3s54,9.64
4b7r,9.64
5dh5,9.64
3pe1,9.65
3dp9,9.68
4zip,9.68
6n78,9.68
6n79,9.68
1bnu,9.7
1df8,9.7
1eby,9.7
1fkb,9.7
1mrw,9.7
2vh6,9.7
3sm2,9.7
4cd0,9.7
4fk6,9.7
5dxt,9.7
5sz4,9.7
5sz7,9.7
6cjs,9.7
6oja,9.7
4crl,9.71
1z6e,9.72
3fuc,9.72
4wkn,9.72
1nh0,9.74
3dk1,9.74
3p3g,9.74
5izf,9.74
3pe2,9.76
4yhm,9.76
3ggu,9.77
456c,9.77
6fs0,9.77
4x24,9.78
1bnt,9.8
3lxk,9.8
3nuo,9.8
6ixd,9.8
1pvn,9.82
3m36,9.82
3nu3,9.82
4eb8,9.82
4xtz,9.82
4zo5,9.82
2xef,9.84
6dh8,9.84
2std,9.85
3kdb,9.85
3rdo,9.85
6oqd,9.85
6dh7,9.88
1bn3,9.89
1e66,9.89
2drc,9.89
1hxb,9.92
1zsf,9.92
2vnp,9.92
3ies,9.92
3rlb,9.92
6dh6,9.93
1hvl,9.95
1bv9,9.96
1fjs,9.96
2xmy,9.96
4m8y,9.96
6o0p,9.96
1bnn,10.0
1bxo,10.0
1d4h,10.0
1ec2,10.0
1flr,10.0
1gar,10.0
1igj,10.0
1rjk,10.0
3h5b,10.0
4ivc,10.0
4lhv,10.0
4twp,10.0
6e23,10.0
6udi,10.0
6udt,10.0
3mxe,10.01
1n4k,10.05
1nm6,10.05
4rfm,10.05
3lzu,10.06
1sdu,10.07
1sr7,10.1
2o4j,10.1
2p16,10.1
1y6r,10.11
6chp,10.12
5v82,10.15
4f3k,10.16
3ps1,10.17
3u8n,10.17
4tmn,10.17
5llh,10.17
6nzv,10.17
4ggz,10.18
5etj,10.18
1ie9,10.19
2qi3,10.2
4m8x,10.2
2qi7,10.21
5dyo,10.21
6ud2,10.21
5lle,10.22
3t3c,10.23
1qbu,10.24
5b25,10.24
1rr6,10.25
6dyu,10.26
6udv,10.29
1bv7,10.3
1c70,10.3
1hvs,10.3
2p15,10.3
5nea,10.3
6oqb,10.3
4djq,10.32
5h8g,10.32
4std,10.33
3i6o,10.35
4ngm,10.35
4q1y,10.35
4lvt,10.36
1c4u,10.37
4ynb,10.37
1kzk,10.39
5d3c,10.4
6oqc,10.4
4wt2,10.42
2qi4,10.44
4ffs,10.44
6dyw,10.44
2o4k,10.46
6eqx,10.47
1msm,10.48
5ehq,10.48
2zx7,10.49
5std,10.49
6dj1,10.51
1b8n,10.52
1if7,10.52
1n46,10.52
2f81,10.52
4yo8,10.52
6ne5,10.52
6no9,10.52
1g2o,10.55
4djp,10.55
6b4n,10.55
6dyy,10.55
1qbr,10.57
2qi6,10.57
4xtx,10.57
6dh1,10.58
3djk,10.59
3ekt,10.59
6dyv,10.59
2zx6,10.6
5uov,10.6
1qbt,10.62
2xei,10.62
4lch,10.62
1b8o,10.64
6eqw,10.65
1dif,10.66
3cs7,10.68
2pk5,10.7
2xeg,10.7
3myg,10.7
3o9a,10.7
4agc,10.7
5nee,10.7
5alb,10.71
3o9d,10.72
6dif,10.72
7std,10.72
4yho,10.74
6o0k,10.74
4gid,10.77
4omc,10.78
3gi4,10.8
4hla,10.8
5c1m,10.8
1hxw,10.82
3o99,10.82
5wlo,10.82
6h5x,10.82
2qi5,10.85
3i7e,10.85
5ult,10.85
2pk6,10.89
6dh2,10.89
4i8w,10.9
1hvi,10.92
3utu,10.92
6cdl,10.92
1hvk,10.96
1m7y,10.96
3lzs,10.96
4ase,11.0
4kb9,11.0
5bs4,11.0
1q84,11.05
4i8z,11.05
5dgw,11.05
1x1z,11.06
3k8o,11.07
5c2h,11.09
1d4y,11.1
3std,11.11
5llg,11.13
1mq6,11.15
4q1x,11.15
2i4v,11.2
5h8e,11.2
3gi5,11.22
3gi6,11.22
5dwr,11.22
3ok9,11.23
4u8w,11.24
1hpx,11.26
4ryd,11.26
3k8q,11.28
6mqe,11.29
1pro,11.3
2q5k,11.3
2xpk,11.3
3o9e,11.3
3st5,11.3
4f2w,11.3
4gbd,11.32
2x00,11.33
2j62,11.34
2hb3,11.35
5dgu,11.35
1hvj,11.4
2i0a,11.4
1lyb,11.42
5drr,11.46
4djo,11.52
4djr,11.52
5izj,11.52
6cpa,11.52
3qaa,11.54
2i4u,11.57
4ll3,11.57
4wkb,11.57
2i4w,11.59
2i4d,11.68
4jn2,11.68
1y6q,11.7
4q1w,11.7
6cdj,11.7
2i4x,11.72
4dfg,11.74
1duv,11.8
3o9i,11.82
4f3c,11.82
5bry,11.82
1sl3,11.85
1ctu,11.92
6e9a,11.92
3dxg,2.4
3l7b,2.4
4u4s,2.92
3aru,3.22
4eky,3.52
3d6q,3.76
1c5z,4.01
3g2n,4.09
3f3a,4.19
3pxf,4.43
3syr,5.1
4m0z,5.19
4de3,5.52
4dli,5.62
3arv,5.64
1o5b,5.77
3ary,6.0
4x6p,8.3
3nw9,9.0
